sku,brand,category,pack,mrp,unit_cost,unit_margin,launch_week,cat_true_elasticity
FMCG-CONF-001,FruitPop,Confectionery,18g,12.0,6.72,5.28,,0.63
FMCG-CONF-002,FrostMint,Confectionery,200g,11.0,5.21,5.79,,0.63
FMCG-CONF-003,FrostMint,Confectionery,100g,12.0,7.76,4.24,,0.63
FMCG-CONF-004,FrostMint,Confectionery,18g,7.0,3.8,3.2,,0.63
FMCG-CONF-005,FruitPop,Confectionery,6-pack,10.0,6.56,3.44,,0.63
FMCG-CONF-006,FrostMint,Confectionery,pouch,4.0,2.35,1.65,2025-04-28,0.63
FMCG-CONF-007,ChocoLuv,Confectionery,10g,10.0,6.4,3.6,,0.63
FMCG-CONF-008,FrostMint,Confectionery,18g,15.0,10.1,4.9,,0.63
FMCG-CONF-009,FrostMint,Confectionery,100g,4.0,2.27,1.73,2025-04-21,0.63
FMCG-CONF-010,FruitPop,Confectionery,pouch,3.0,1.86,1.14,,0.63
FMCG-CONF-011,FrostMint,Confectionery,6-pack,15.0,7.97,7.03,,0.63
FMCG-CONF-012,FrostMint,Confectionery,6-pack,8.0,3.98,4.02,,0.63
FMCG-CONF-013,ChocoLuv,Confectionery,100g,8.0,4.05,3.95,,0.63
FMCG-CONF-014,ChocoLuv,Confectionery,pouch,7.0,4.61,2.39,,0.63
FMCG-CONF-015,ChocoLuv,Confectionery,10g,5.0,3.29,1.71,,0.63
FMCG-CONF-016,FrostMint,Confectionery,500ml,6.0,3.13,2.87,,0.63
FMCG-CONF-017,ChocoLuv,Confectionery,200g,3.0,1.5,1.5,2025-04-07,0.63
FMCG-CONF-018,FrostMint,Confectionery,100g,10.0,6.26,3.74,,0.63
FMCG-CONF-019,ChocoLuv,Confectionery,18g,7.0,4.15,2.85,,0.63
FMCG-CONF-020,FrostMint,Confectionery,500ml,3.0,1.85,1.15,,0.63
FMCG-CONF-021,FrostMint,Confectionery,250ml,9.0,5.77,3.23,,0.63
FMCG-CONF-022,ChocoLuv,Confectionery,pouch,9.0,5.31,3.69,,0.63
FMCG-CONF-023,ChocoLuv,Confectionery,10g,1.0,0.56,0.44,,0.63
FMCG-CONF-024,FruitPop,Confectionery,1L,7.0,4.64,2.36,,0.63
FMCG-CONF-025,FruitPop,Confectionery,18g,2.0,1.04,0.96,,0.63
FMCG-CONF-026,ChocoLuv,Confectionery,18g,10.0,5.89,4.11,,0.63
FMCG-CONF-027,FruitPop,Confectionery,200g,10.0,5.52,4.48,,0.63
FMCG-CONF-028,FruitPop,Confectionery,pouch,3.0,1.37,1.63,2025-04-07,0.63
FMCG-CONF-029,ChocoLuv,Confectionery,pouch,11.0,6.22,4.78,,0.63
FMCG-CONF-030,FrostMint,Confectionery,18g,8.0,3.9,4.1,,0.63
FMCG-MOUT-031,MouthRaj,MouthFreshener,100g,54.0,29.44,24.56,,0.55
FMCG-MOUT-032,FreshPan,MouthFreshener,18g,76.0,41.07,34.93,2024-11-04,0.55
FMCG-MOUT-033,MouthRaj,MouthFreshener,18g,115.0,77.87,37.13,,0.55
FMCG-MOUT-034,FreshPan,MouthFreshener,200g,33.0,22.85,10.15,,0.55
FMCG-MOUT-035,FreshPan,MouthFreshener,250ml,86.0,48.36,37.64,,0.55
FMCG-MOUT-036,MouthRaj,MouthFreshener,250ml,12.0,8.11,3.89,,0.55
FMCG-MOUT-037,FreshPan,MouthFreshener,100g,25.0,13.16,11.84,,0.55
FMCG-MOUT-038,SilverElaichi,MouthFreshener,200g,22.0,14.61,7.39,,0.55
FMCG-MOUT-039,SilverElaichi,MouthFreshener,18g,87.0,48.55,38.45,,0.55
FMCG-MOUT-040,SilverElaichi,MouthFreshener,50g,71.0,43.48,27.52,2024-08-12,0.55
FMCG-MOUT-041,SilverElaichi,MouthFreshener,100g,50.0,23.02,26.98,,0.55
FMCG-MOUT-042,MouthRaj,MouthFreshener,1L,40.0,19.45,20.55,,0.55
FMCG-MOUT-043,FreshPan,MouthFreshener,200g,71.0,34.98,36.02,,0.55
FMCG-MOUT-044,SilverElaichi,MouthFreshener,6-pack,70.0,37.57,32.43,,0.55
FMCG-MOUT-045,MouthRaj,MouthFreshener,250ml,4.0,2.76,1.24,,0.55
FMCG-MOUT-046,MouthRaj,MouthFreshener,100g,94.0,44.24,49.76,,0.55
FMCG-MOUT-047,MouthRaj,MouthFreshener,250ml,59.0,40.38,18.62,,0.55
FMCG-MOUT-048,FreshPan,MouthFreshener,200g,57.0,29.45,27.55,,0.55
FMCG-MOUT-049,MouthRaj,MouthFreshener,100g,63.0,35.26,27.74,2024-11-11,0.55
FMCG-MOUT-050,SilverElaichi,MouthFreshener,250ml,108.0,52.39,55.61,,0.55
FMCG-MOUT-051,MouthRaj,MouthFreshener,1L,14.0,8.65,5.35,,0.55
FMCG-MOUT-052,FreshPan,MouthFreshener,1L,79.0,49.91,29.09,,0.55
FMCG-MOUT-053,MouthRaj,MouthFreshener,200g,14.0,9.51,4.49,,0.55
FMCG-MOUT-054,MouthRaj,MouthFreshener,100g,5.0,2.94,2.06,,0.55
FMCG-MOUT-055,SilverElaichi,MouthFreshener,6-pack,100.0,65.21,34.79,,0.55
FMCG-MOUT-056,SilverElaichi,MouthFreshener,200g,114.0,59.59,54.41,,0.55
FMCG-MOUT-057,SilverElaichi,MouthFreshener,pouch,31.0,21.2,9.8,,0.55
FMCG-MOUT-058,FreshPan,MouthFreshener,pouch,6.0,3.35,2.65,,0.55
FMCG-BEVE-059,AquaFresh,Beverages,250ml,81.0,51.61,29.39,,1.33
FMCG-BEVE-060,ZingCola,Beverages,50g,81.0,46.96,34.04,,1.33
FMCG-BEVE-061,MangoDew,Beverages,1L,72.0,44.31,27.69,,1.33
FMCG-BEVE-062,ZingCola,Beverages,10g,18.0,11.46,6.54,,1.33
FMCG-BEVE-063,ZingCola,Beverages,50g,85.0,43.37,41.63,,1.33
FMCG-BEVE-064,MangoDew,Beverages,50g,76.0,37.11,38.89,,1.33
FMCG-BEVE-065,MangoDew,Beverages,500ml,58.0,38.78,19.22,,1.33
FMCG-BEVE-066,MangoDew,Beverages,18g,35.0,22.55,12.45,,1.33
FMCG-BEVE-067,AquaFresh,Beverages,500ml,50.0,24.3,25.7,2025-04-21,1.33
FMCG-BEVE-068,MangoDew,Beverages,1L,28.0,13.52,14.48,,1.33
FMCG-BEVE-069,MangoDew,Beverages,200g,20.0,11.53,8.47,,1.33
FMCG-BEVE-070,MangoDew,Beverages,10g,56.0,28.0,28.0,,1.33
FMCG-BEVE-071,MangoDew,Beverages,18g,67.0,42.53,24.47,,1.33
FMCG-BEVE-072,MangoDew,Beverages,6-pack,20.0,13.64,6.36,,1.33
FMCG-BEVE-073,AquaFresh,Beverages,250ml,34.0,19.45,14.55,,1.33
FMCG-BEVE-074,ZingCola,Beverages,200g,86.0,44.86,41.14,,1.33
FMCG-BEVE-075,AquaFresh,Beverages,50g,12.0,7.07,4.93,,1.33
FMCG-BEVE-076,AquaFresh,Beverages,10g,18.0,8.73,9.27,,1.33
FMCG-BEVE-077,MangoDew,Beverages,200g,87.0,52.11,34.89,,1.33
FMCG-BEVE-078,MangoDew,Beverages,50g,74.0,41.95,32.05,,1.33
FMCG-BEVE-079,MangoDew,Beverages,18g,11.0,5.25,5.75,,1.33
FMCG-BEVE-080,MangoDew,Beverages,200g,74.0,37.6,36.4,,1.33
FMCG-BEVE-081,MangoDew,Beverages,6-pack,58.0,38.68,19.32,,1.33
FMCG-BEVE-082,MangoDew,Beverages,100g,43.0,23.37,19.63,,1.33
FMCG-DAIR-083,DairyBest,Dairy,250ml,98.0,65.35,32.65,,1.2
FMCG-DAIR-084,DairyBest,Dairy,6-pack,50.0,25.46,24.54,,1.2
FMCG-DAIR-085,DairyBest,Dairy,pouch,118.0,56.21,61.79,2024-12-16,1.2
FMCG-DAIR-086,PureWhite,Dairy,1L,38.0,24.93,13.07,,1.2
FMCG-DAIR-087,DairyBest,Dairy,18g,37.0,25.17,11.83,,1.2
FMCG-DAIR-088,PureWhite,Dairy,200g,54.0,26.37,27.63,,1.2
FMCG-DAIR-089,DairyBest,Dairy,10g,23.0,10.67,12.33,,1.2
FMCG-DAIR-090,DairyBest,Dairy,pouch,26.0,15.54,10.46,,1.2
FMCG-DAIR-091,DairyBest,Dairy,18g,67.0,35.48,31.52,,1.2
FMCG-DAIR-092,PureWhite,Dairy,18g,125.0,82.85,42.15,2025-01-27,1.2
FMCG-DAIR-093,DairyBest,Dairy,50g,42.0,21.39,20.61,,1.2
FMCG-DAIR-094,PureWhite,Dairy,6-pack,89.0,49.31,39.69,2024-07-08,1.2
FMCG-DAIR-095,DairyBest,Dairy,200g,83.0,39.46,43.54,,1.2
FMCG-DAIR-096,PureWhite,Dairy,100g,26.0,17.71,8.29,2024-11-11,1.2
FMCG-DAIR-097,DairyBest,Dairy,200g,121.0,81.76,39.24,,1.2
FMCG-DAIR-098,PureWhite,Dairy,250ml,116.0,74.8,41.2,,1.2
FMCG-DAIR-099,PureWhite,Dairy,6-pack,113.0,54.65,58.35,,1.2
FMCG-DAIR-100,PureWhite,Dairy,18g,82.0,54.48,27.52,,1.2
FMCG-SNAC-101,CrispKing,Snacks,100g,26.0,15.86,10.14,,1.45
FMCG-SNAC-102,CrispKing,Snacks,250ml,13.0,7.4,5.6,,1.45
FMCG-SNAC-103,CrispKing,Snacks,pouch,18.0,9.75,8.25,,1.45
FMCG-SNAC-104,CrispKing,Snacks,pouch,23.0,12.53,10.47,,1.45
FMCG-SNAC-105,CrispKing,Snacks,10g,21.0,14.43,6.57,,1.45
FMCG-SNAC-106,CrispKing,Snacks,10g,31.0,16.49,14.51,,1.45
FMCG-SNAC-107,CrispKing,Snacks,18g,52.0,31.88,20.12,,1.45
FMCG-SNAC-108,CrispKing,Snacks,250ml,34.0,20.68,13.32,,1.45
FMCG-SNAC-109,CrispKing,Snacks,6-pack,45.0,22.53,22.47,,1.45
FMCG-SNAC-110,CrispKing,Snacks,200g,52.0,25.12,26.88,,1.45
FMCG-SNAC-111,NamkeenCo,Snacks,100g,10.0,6.31,3.69,2025-01-06,1.45
FMCG-SNAC-112,CrispKing,Snacks,pouch,13.0,8.97,4.03,,1.45
FMCG-SNAC-113,NamkeenCo,Snacks,100g,38.0,24.53,13.47,,1.45
FMCG-SNAC-114,NamkeenCo,Snacks,500ml,57.0,29.26,27.74,,1.45
FMCG-SNAC-115,CrispKing,Snacks,18g,10.0,6.04,3.96,,1.45
FMCG-SNAC-116,CrispKing,Snacks,500ml,36.0,21.35,14.65,,1.45
FMCG-SNAC-117,NamkeenCo,Snacks,500ml,34.0,21.79,12.21,,1.45
FMCG-SNAC-118,NamkeenCo,Snacks,1L,32.0,19.2,12.8,,1.45
FMCG-SPIC-119,MasalaMagic,Spices,18g,67.0,32.11,34.89,2025-05-26,0.9
FMCG-SPIC-120,MasalaMagic,Spices,500ml,209.0,115.92,93.08,,0.9
FMCG-SPIC-121,SpiceKart,Spices,18g,213.0,113.62,99.38,,0.9
FMCG-SPIC-122,MasalaMagic,Spices,100g,237.0,122.68,114.32,,0.9
FMCG-SPIC-123,MasalaMagic,Spices,6-pack,118.0,57.75,60.25,,0.9
FMCG-SPIC-124,SpiceKart,Spices,50g,283.0,158.33,124.67,,0.9
FMCG-SPIC-125,SpiceKart,Spices,50g,228.0,134.12,93.88,,0.9
FMCG-SPIC-126,SpiceKart,Spices,1L,242.0,137.9,104.1,,0.9
FMCG-SPIC-127,MasalaMagic,Spices,18g,296.0,186.31,109.69,,0.9
FMCG-SPIC-128,SpiceKart,Spices,6-pack,66.0,43.73,22.27,,0.9
FMCG-SPIC-129,MasalaMagic,Spices,10g,67.0,40.0,27.0,,0.9
FMCG-SPIC-130,MasalaMagic,Spices,18g,38.0,21.42,16.58,,0.9
FMCG-SPIC-131,MasalaMagic,Spices,50g,113.0,63.8,49.2,,0.9
FMCG-SPIC-132,SpiceKart,Spices,1L,115.0,78.16,36.84,,0.9
FMCG-SPIC-133,SpiceKart,Spices,100g,64.0,44.75,19.25,,0.9
FMCG-SPIC-134,SpiceKart,Spices,10g,110.0,72.51,37.49,,0.9
FMCG-SPIC-135,MasalaMagic,Spices,500ml,300.0,184.93,115.07,,0.9
FMCG-SPIC-136,MasalaMagic,Spices,500ml,59.0,39.78,19.22,2024-09-30,0.9
FMCG-SPIC-137,SpiceKart,Spices,1L,73.0,47.03,25.97,,0.9
FMCG-SPIC-138,SpiceKart,Spices,500ml,276.0,169.48,106.52,2024-09-30,0.9
