sku,zone,category,ship_units,cases,ship_value,proj_cover_wk
DS-BEVECAT-006,Central,Beverages,336,14,9173.0,4.88
DS-BEVECAT-006,East,Beverages,504,21,13759.0,4.9
DS-BEVECAT-006,North,Beverages,1296,54,35381.0,4.97
DS-BEVECAT-006,Northeast,Beverages,792,33,21622.0,4.99
DS-BEVECAT-006,South,Beverages,216,9,5897.0,4.75
DS-BEVECAT-006,West,Beverages,552,23,15070.0,4.98
DS-BEVECAT-013,Central,Beverages,360,15,9828.0,4.89
DS-BEVECAT-013,East,Beverages,480,20,13104.0,4.94
DS-BEVECAT-013,North,Beverages,480,20,13104.0,4.83
DS-BEVECAT-013,Northeast,Beverages,744,31,20311.0,4.94
DS-BEVECAT-013,South,Beverages,264,11,7207.0,4.75
DS-BEVECAT-013,West,Beverages,552,23,15070.0,4.89
DS-BEVECAT-019,Central,Beverages,2520,105,68796.0,5.0
DS-BEVECAT-019,East,Beverages,696,29,19001.0,4.97
DS-BEVECAT-019,North,Beverages,5136,214,140213.0,5.0
DS-BEVECAT-019,Northeast,Beverages,4176,174,114005.0,4.98
DS-BEVECAT-019,South,Beverages,1560,65,42588.0,4.99
DS-BEVECAT-019,West,Beverages,1392,58,38002.0,4.97
DS-BEVECAT-022,Central,Beverages,1056,44,8237.0,4.96
DS-BEVECAT-022,East,Beverages,1992,83,15538.0,4.99
DS-BEVECAT-022,North,Beverages,6648,277,51854.0,4.99
DS-BEVECAT-022,Northeast,Beverages,3912,163,30514.0,4.98
DS-BEVECAT-022,South,Beverages,648,27,5054.0,4.9
DS-BEVECAT-022,West,Beverages,2712,113,21154.0,4.99
DS-BEVECAT-028,Central,Beverages,2112,88,16474.0,4.98
DS-BEVECAT-028,East,Beverages,3768,157,29390.0,4.99
DS-BEVECAT-028,North,Beverages,5184,216,40435.0,5.0
DS-BEVECAT-028,Northeast,Beverages,3096,129,24149.0,5.0
DS-BEVECAT-028,South,Beverages,984,41,7675.0,4.92
DS-BEVECAT-028,West,Beverages,1704,71,13291.0,5.0
DS-BEVECAT-044,Central,Beverages,264,11,7207.0,4.75
DS-BEVECAT-044,East,Beverages,648,27,17690.0,4.88
DS-BEVECAT-044,North,Beverages,696,29,19001.0,4.95
DS-BEVECAT-044,Northeast,Beverages,840,35,22932.0,4.93
DS-BEVECAT-044,South,Beverages,288,12,7862.0,4.93
DS-BEVECAT-044,West,Beverages,360,15,9828.0,4.96
DS-BEVECAT-048,Central,Beverages,1320,55,51480.0,4.97
DS-BEVECAT-048,North,Beverages,1512,63,58968.0,4.97
DS-BEVECAT-048,Northeast,Beverages,3096,129,120744.0,4.99
DS-BEVECAT-048,South,Beverages,432,18,16848.0,4.99
DS-BEVECAT-048,West,Beverages,3024,126,117936.0,4.99
DS-BEVECAT-056,Central,Beverages,552,23,4306.0,4.92
DS-BEVECAT-056,East,Beverages,432,18,3370.0,4.83
DS-BEVECAT-056,North,Beverages,1224,51,9547.0,4.95
DS-BEVECAT-056,Northeast,Beverages,1008,42,7862.0,4.95
DS-BEVECAT-056,South,Beverages,144,6,1123.0,4.78
DS-BEVECAT-056,West,Beverages,648,27,5054.0,4.87
DS-BEVECAT-068,Central,Beverages,480,20,13104.0,4.89
DS-BEVECAT-068,East,Beverages,168,7,4586.0,4.88
DS-BEVECAT-068,North,Beverages,576,24,15725.0,4.96
DS-BEVECAT-068,Northeast,Beverages,552,23,15070.0,4.9
DS-BEVECAT-068,South,Beverages,288,12,7862.0,4.97
DS-BEVECAT-068,West,Beverages,600,25,16380.0,4.93
DS-BEVECAT-070,Central,Beverages,240,10,6552.0,4.91
DS-BEVECAT-070,East,Beverages,864,36,23587.0,4.98
DS-BEVECAT-070,North,Beverages,528,22,14414.0,4.92
DS-BEVECAT-070,Northeast,Beverages,1200,50,32760.0,4.99
DS-BEVECAT-070,South,Beverages,144,6,3931.0,4.73
DS-BEVECAT-070,West,Beverages,504,21,13759.0,4.99
DS-BEVECAT-073,Central,Beverages,456,19,17784.0,4.88
DS-BEVECAT-073,East,Beverages,456,19,17784.0,4.83
DS-BEVECAT-073,North,Beverages,1032,43,40248.0,4.96
DS-BEVECAT-073,Northeast,Beverages,624,26,24336.0,4.96
DS-BEVECAT-073,South,Beverages,144,6,5616.0,4.96
DS-BEVECAT-073,West,Beverages,504,21,19656.0,4.92
DS-BEVECAT-074,Central,Beverages,10704,446,417456.0,5.0
DS-BEVECAT-074,East,Beverages,9672,403,377208.0,5.0
DS-BEVECAT-074,North,Beverages,9720,405,379080.0,5.0
DS-BEVECAT-074,Northeast,Beverages,10488,437,409032.0,5.0
DS-BEVECAT-074,South,Beverages,2592,108,101088.0,4.98
DS-BEVECAT-074,West,Beverages,4488,187,175032.0,4.99
DS-BEVECAT-076,Central,Beverages,1992,83,77688.0,4.97
DS-BEVECAT-076,East,Beverages,1056,44,41184.0,4.96
DS-BEVECAT-076,North,Beverages,8304,346,323856.0,4.99
DS-BEVECAT-076,Northeast,Beverages,5952,248,232128.0,4.99
DS-BEVECAT-076,West,Beverages,4440,185,173160.0,5.0
DS-BEVECAT-087,Central,Beverages,336,14,9173.0,4.96
DS-BEVECAT-087,East,Beverages,864,36,23587.0,4.98
DS-BEVECAT-087,North,Beverages,1080,45,29484.0,4.93
DS-BEVECAT-087,Northeast,Beverages,864,36,23587.0,4.97
DS-BEVECAT-087,South,Beverages,360,15,9828.0,4.92
DS-BEVECAT-087,West,Beverages,408,17,11138.0,4.87
DS-BEVECAT-090,Central,Beverages,504,21,3931.0,4.92
DS-BEVECAT-090,East,Beverages,3960,165,30888.0,4.99
DS-BEVECAT-090,North,Beverages,6648,277,51854.0,4.99
DS-BEVECAT-090,Northeast,Beverages,1224,51,9547.0,4.97
DS-BEVECAT-090,South,Beverages,3144,131,24523.0,4.98
DS-BEVECAT-090,West,Beverages,1368,57,10670.0,4.98
DS-BEVECAT-092,Central,Beverages,1800,75,28080.0,4.99
DS-BEVECAT-092,East,Beverages,14904,621,232502.0,4.99
DS-BEVECAT-092,North,Beverages,7056,294,110074.0,5.0
DS-BEVECAT-092,Northeast,Beverages,19776,824,308506.0,5.0
DS-BEVECAT-092,South,Beverages,7752,323,120931.0,4.99
DS-BEVECAT-092,West,Beverages,3744,156,58406.0,4.99
DS-BEVECAT-093,Central,Beverages,168,7,1310.0,4.68
DS-BEVECAT-093,East,Beverages,216,9,1685.0,4.91
DS-BEVECAT-093,North,Beverages,888,37,6926.0,4.96
DS-BEVECAT-093,Northeast,Beverages,384,16,2995.0,4.95
DS-BEVECAT-093,South,Beverages,528,22,4118.0,4.95
DS-BEVECAT-093,West,Beverages,432,18,3370.0,4.81
DS-BEVECAT-098,Central,Beverages,120,5,3276.0,4.72
DS-BEVECAT-098,East,Beverages,192,8,5242.0,4.74
DS-BEVECAT-098,North,Beverages,336,14,9173.0,4.87
DS-BEVECAT-098,Northeast,Beverages,168,7,4586.0,4.89
DS-BEVECAT-098,South,Beverages,312,13,8518.0,4.79
DS-BEVECAT-098,West,Beverages,456,19,12449.0,4.92
DS-BEVECAT-099,Central,Beverages,312,13,8518.0,4.97
DS-BEVECAT-099,East,Beverages,504,21,13759.0,4.94
DS-BEVECAT-099,North,Beverages,1248,52,34070.0,4.93
DS-BEVECAT-099,Northeast,Beverages,1320,55,36036.0,4.94
DS-BEVECAT-099,South,Beverages,168,7,4586.0,4.86
DS-BEVECAT-099,West,Beverages,408,17,11138.0,4.9
DS-BEVECAT-102,Central,Beverages,192,8,5242.0,4.88
DS-BEVECAT-102,East,Beverages,360,15,9828.0,4.84
DS-BEVECAT-102,North,Beverages,792,33,21622.0,4.93
DS-BEVECAT-102,Northeast,Beverages,384,16,10483.0,4.85
DS-BEVECAT-102,South,Beverages,432,18,11794.0,4.99
DS-BEVECAT-102,West,Beverages,288,12,7862.0,4.99
DS-BEVECAT-105,Central,Beverages,360,15,2808.0,4.82
DS-BEVECAT-105,East,Beverages,672,28,5242.0,5.0
DS-BEVECAT-105,North,Beverages,888,37,6926.0,4.96
DS-BEVECAT-105,Northeast,Beverages,672,28,5242.0,4.93
DS-BEVECAT-105,South,Beverages,384,16,2995.0,4.85
DS-BEVECAT-105,West,Beverages,600,25,4680.0,4.9
DS-BEVECAT-109,Central,Beverages,312,13,12168.0,4.81
DS-BEVECAT-109,East,Beverages,288,12,11232.0,4.96
DS-BEVECAT-109,North,Beverages,1248,52,48672.0,4.99
DS-BEVECAT-109,Northeast,Beverages,720,30,28080.0,4.91
DS-BEVECAT-109,South,Beverages,288,12,11232.0,4.7
DS-BEVECAT-109,West,Beverages,360,15,14040.0,4.82
DS-BEVECAT-116,Central,Beverages,696,29,27144.0,4.9
DS-BEVECAT-116,East,Beverages,4128,172,160992.0,4.98
DS-BEVECAT-116,North,Beverages,2640,110,102960.0,4.99
DS-BEVECAT-116,Northeast,Beverages,5928,247,231192.0,5.0
DS-BEVECAT-116,South,Beverages,1608,67,62712.0,4.96
DS-BEVECAT-116,West,Beverages,1512,63,58968.0,4.98
DS-BEVECAT-119,Central,Beverages,192,8,1498.0,4.75
DS-BEVECAT-119,East,Beverages,456,19,3557.0,4.89
DS-BEVECAT-119,North,Beverages,528,22,4118.0,4.93
DS-BEVECAT-119,Northeast,Beverages,672,28,5242.0,4.88
DS-BEVECAT-119,South,Beverages,432,18,3370.0,4.96
DS-BEVECAT-119,West,Beverages,672,28,5242.0,4.95
DS-BEVECAT-127,Central,Beverages,528,22,20592.0,4.93
DS-BEVECAT-127,East,Beverages,576,24,22464.0,4.88
DS-BEVECAT-127,North,Beverages,648,27,25272.0,4.91
DS-BEVECAT-127,Northeast,Beverages,504,21,19656.0,4.95
DS-BEVECAT-127,South,Beverages,432,18,16848.0,4.87
DS-BEVECAT-127,West,Beverages,312,13,12168.0,4.93
DS-BEVECAT-129,Central,Beverages,2448,102,19094.0,4.99
DS-BEVECAT-129,East,Beverages,3576,149,27893.0,4.98
DS-BEVECAT-129,North,Beverages,4824,201,37627.0,4.99
DS-BEVECAT-129,Northeast,Beverages,6144,256,47923.0,5.0
DS-BEVECAT-129,South,Beverages,2832,118,22090.0,4.99
DS-BEVECAT-129,West,Beverages,1560,65,12168.0,4.99
DS-BEVECAT-131,Central,Beverages,384,16,10483.0,4.8
DS-BEVECAT-131,East,Beverages,912,38,24898.0,4.97
DS-BEVECAT-131,North,Beverages,8232,343,224734.0,4.99
DS-BEVECAT-131,Northeast,Beverages,6960,290,190008.0,5.0
DS-BEVECAT-131,South,Beverages,912,38,24898.0,4.99
DS-BEVECAT-131,West,Beverages,3144,131,85831.0,4.99
DS-BEVECAT-134,Central,Beverages,408,17,3182.0,4.83
DS-BEVECAT-134,East,Beverages,552,23,4306.0,4.94
DS-BEVECAT-134,North,Beverages,984,41,7675.0,5.0
DS-BEVECAT-134,Northeast,Beverages,432,18,3370.0,4.84
DS-BEVECAT-134,South,Beverages,384,16,2995.0,4.87
DS-BEVECAT-134,West,Beverages,408,17,3182.0,4.86
DS-BEVECAT-150,Central,Beverages,1032,43,28174.0,5.0
DS-BEVECAT-150,East,Beverages,2304,96,62899.0,4.99
DS-BEVECAT-150,North,Beverages,6960,290,190008.0,4.99
DS-BEVECAT-150,Northeast,Beverages,8112,338,221458.0,5.0
DS-BEVECAT-150,South,Beverages,888,37,24242.0,5.0
DS-BEVECAT-150,West,Beverages,960,40,26208.0,4.99
DS-CONFCHE-035,Central,Confectionery,200,1,136.0,4.55
DS-CONFCHE-035,East,Confectionery,200,1,136.0,4.2
DS-CONFCHE-035,North,Confectionery,200,1,136.0,4.48
DS-CONFCHE-035,Northeast,Confectionery,0,0,0.0,5.17
DS-CONFCHE-035,South,Confectionery,0,0,0.0,4.81
DS-CONFCHE-035,West,Confectionery,0,0,0.0,5.12
DS-CONFCHE-045,Central,Confectionery,400,2,272.0,4.98
DS-CONFCHE-045,East,Confectionery,200,1,136.0,3.99
DS-CONFCHE-045,North,Confectionery,800,4,544.0,4.73
DS-CONFCHE-045,Northeast,Confectionery,200,1,136.0,4.68
DS-CONFCHE-045,South,Confectionery,400,2,272.0,4.76
DS-CONFCHE-045,West,Confectionery,200,1,136.0,3.94
DS-CONFCHE-057,Central,Confectionery,0,0,0.0,4.31
DS-CONFCHE-057,East,Confectionery,400,2,2720.0,4.91
DS-CONFCHE-057,North,Confectionery,1400,7,9520.0,4.91
DS-CONFCHE-057,Northeast,Confectionery,0,0,0.0,4.41
DS-CONFCHE-057,South,Confectionery,0,0,0.0,5.25
DS-CONFCHE-057,West,Confectionery,200,1,1360.0,4.48
DS-CONFCHE-069,Central,Confectionery,15400,77,104720.0,4.95
DS-CONFCHE-069,East,Confectionery,25800,129,175440.0,4.97
DS-CONFCHE-069,North,Confectionery,33200,166,225760.0,4.98
DS-CONFCHE-069,Northeast,Confectionery,36800,184,250240.0,4.98
DS-CONFCHE-069,South,Confectionery,11400,57,77520.0,4.99
DS-CONFCHE-069,West,Confectionery,16400,82,111520.0,5.0
DS-CONFCHE-078,Central,Confectionery,400,2,1360.0,4.6
DS-CONFCHE-078,East,Confectionery,0,0,0.0,4.18
DS-CONFCHE-078,North,Confectionery,1000,5,3400.0,4.73
DS-CONFCHE-078,Northeast,Confectionery,1200,6,4080.0,4.8
DS-CONFCHE-078,South,Confectionery,200,1,680.0,4.11
DS-CONFCHE-078,West,Confectionery,200,1,680.0,4.28
DS-CONFCHE-100,Central,Confectionery,3200,16,4352.0,4.84
DS-CONFCHE-100,East,Confectionery,5000,25,6800.0,4.88
DS-CONFCHE-100,North,Confectionery,7800,39,10608.0,4.92
DS-CONFCHE-100,Northeast,Confectionery,4000,20,5440.0,4.87
DS-CONFCHE-100,South,Confectionery,1000,5,1360.0,4.66
DS-CONFCHE-100,West,Confectionery,3600,18,4896.0,4.83
DS-CONFCHE-106,Central,Confectionery,1000,5,3400.0,4.89
DS-CONFCHE-106,East,Confectionery,4800,24,16320.0,4.96
DS-CONFCHE-106,North,Confectionery,7000,35,23800.0,4.95
DS-CONFCHE-106,Northeast,Confectionery,4400,22,14960.0,4.98
DS-CONFCHE-106,South,Confectionery,3400,17,11560.0,4.84
DS-CONFCHE-106,West,Confectionery,1800,9,6120.0,4.93
DS-CONFCHE-107,Central,Confectionery,400,2,2720.0,4.98
DS-CONFCHE-107,East,Confectionery,0,0,0.0,5.21
DS-CONFCHE-107,North,Confectionery,0,0,0.0,4.19
DS-CONFCHE-107,Northeast,Confectionery,200,1,1360.0,4.76
DS-CONFCHE-107,South,Confectionery,0,0,0.0,5.58
DS-CONFCHE-107,West,Confectionery,0,0,0.0,9.09
DS-CONFCHE-118,Central,Confectionery,0,0,0.0,3.31
DS-CONFCHE-118,East,Confectionery,400,2,544.0,4.78
DS-CONFCHE-118,North,Confectionery,800,4,1088.0,4.77
DS-CONFCHE-118,Northeast,Confectionery,0,0,0.0,4.7
DS-CONFCHE-118,South,Confectionery,200,1,272.0,4.91
DS-CONFCHE-118,West,Confectionery,400,2,544.0,4.99
DS-CONFCHI-008,Central,Confectionery,2800,14,9520.0,4.9
DS-CONFCHI-008,East,Confectionery,3400,17,11560.0,4.92
DS-CONFCHI-008,North,Confectionery,6800,34,23120.0,4.91
DS-CONFCHI-008,Northeast,Confectionery,6000,30,20400.0,5.0
DS-CONFCHI-008,South,Confectionery,1400,7,4760.0,4.65
DS-CONFCHI-008,West,Confectionery,2200,11,7480.0,4.92
DS-CONFCHI-020,Central,Confectionery,0,0,0.0,3.11
DS-CONFCHI-020,East,Confectionery,400,2,544.0,4.82
DS-CONFCHI-020,North,Confectionery,200,1,272.0,4.35
DS-CONFCHI-020,Northeast,Confectionery,200,1,272.0,4.52
DS-CONFCHI-020,South,Confectionery,400,2,544.0,4.97
DS-CONFCHI-020,West,Confectionery,200,1,272.0,4.1
DS-CONFCHI-111,Central,Confectionery,9200,46,6256.0,4.92
DS-CONFCHI-111,East,Confectionery,11400,57,7752.0,4.94
DS-CONFCHI-111,North,Confectionery,9000,45,6120.0,4.99
DS-CONFCHI-111,Northeast,Confectionery,9200,46,6256.0,4.95
DS-CONFCHI-111,South,Confectionery,11400,57,7752.0,4.96
DS-CONFCHI-111,West,Confectionery,6000,30,4080.0,4.99
DS-CONFCHI-142,Central,Confectionery,200,1,272.0,4.05
DS-CONFCHI-142,East,Confectionery,200,1,272.0,4.26
DS-CONFCHI-142,North,Confectionery,200,1,272.0,3.86
DS-CONFCHI-142,Northeast,Confectionery,200,1,272.0,4.34
DS-CONFCHI-142,South,Confectionery,0,0,0.0,5.8
DS-CONFCHI-142,West,Confectionery,400,2,544.0,4.79
DS-CONFFRU-026,Central,Confectionery,200,1,136.0,4.7
DS-CONFFRU-026,East,Confectionery,200,1,136.0,3.41
DS-CONFFRU-026,North,Confectionery,400,2,272.0,4.94
DS-CONFFRU-026,Northeast,Confectionery,200,1,136.0,4.35
DS-CONFFRU-026,South,Confectionery,200,1,136.0,4.8
DS-CONFFRU-026,West,Confectionery,0,0,0.0,5.85
DS-CONFFRU-036,Central,Confectionery,5200,26,7072.0,4.97
DS-CONFFRU-036,East,Confectionery,2200,11,2992.0,4.98
DS-CONFFRU-036,North,Confectionery,8200,41,11152.0,4.98
DS-CONFFRU-036,Northeast,Confectionery,7600,38,10336.0,4.99
DS-CONFFRU-036,South,Confectionery,2800,14,3808.0,4.84
DS-CONFFRU-036,West,Confectionery,5800,29,7888.0,4.96
DS-CONFFRU-052,Central,Confectionery,7600,38,5168.0,4.98
DS-CONFFRU-052,East,Confectionery,6000,30,4080.0,4.95
DS-CONFFRU-052,North,Confectionery,34000,170,23120.0,4.99
DS-CONFFRU-052,Northeast,Confectionery,23600,118,16048.0,4.99
DS-CONFFRU-052,South,Confectionery,9800,49,6664.0,4.99
DS-CONFFRU-052,West,Confectionery,18000,90,12240.0,4.99
DS-CONFFRU-079,Central,Confectionery,0,0,0.0,4.56
DS-CONFFRU-079,East,Confectionery,200,1,680.0,4.81
DS-CONFFRU-079,North,Confectionery,400,2,1360.0,4.98
DS-CONFFRU-079,Northeast,Confectionery,200,1,680.0,4.49
DS-CONFFRU-079,South,Confectionery,0,0,0.0,4.19
DS-CONFFRU-079,West,Confectionery,200,1,680.0,4.45
DS-CONFFRU-101,Central,Confectionery,0,0,0.0,3.69
DS-CONFFRU-101,East,Confectionery,200,1,1360.0,3.87
DS-CONFFRU-101,North,Confectionery,400,2,2720.0,4.58
DS-CONFFRU-101,Northeast,Confectionery,0,0,0.0,5.86
DS-CONFFRU-101,South,Confectionery,200,1,1360.0,4.78
DS-CONFFRU-101,West,Confectionery,400,2,2720.0,4.63
DS-CONFFRU-121,Central,Confectionery,200,1,680.0,4.63
DS-CONFFRU-121,East,Confectionery,0,0,0.0,4.31
DS-CONFFRU-121,North,Confectionery,200,1,680.0,4.55
DS-CONFFRU-121,Northeast,Confectionery,200,1,680.0,4.52
DS-CONFFRU-121,South,Confectionery,0,0,0.0,5.02
DS-CONFFRU-121,West,Confectionery,200,1,680.0,4.42
DS-CONFFRU-138,Central,Confectionery,18200,91,12376.0,4.97
DS-CONFFRU-138,East,Confectionery,10000,50,6800.0,4.93
DS-CONFFRU-138,North,Confectionery,24200,121,16456.0,4.98
DS-CONFFRU-138,Northeast,Confectionery,13400,67,9112.0,4.99
DS-CONFFRU-138,South,Confectionery,10400,52,7072.0,4.99
DS-CONFFRU-138,West,Confectionery,16000,80,10880.0,4.98
DS-CONFLUV-041,Central,Confectionery,0,0,0.0,4.34
DS-CONFLUV-041,East,Confectionery,200,1,1360.0,4.76
DS-CONFLUV-041,North,Confectionery,0,0,0.0,4.77
DS-CONFLUV-041,Northeast,Confectionery,200,1,1360.0,4.74
DS-CONFLUV-041,South,Confectionery,0,0,0.0,4.89
DS-CONFLUV-041,West,Confectionery,0,0,0.0,4.02
DS-CONFLUV-053,Central,Confectionery,5000,25,34000.0,4.96
DS-CONFLUV-053,East,Confectionery,7200,36,48960.0,4.99
DS-CONFLUV-053,North,Confectionery,4200,21,28560.0,5.0
DS-CONFLUV-053,Northeast,Confectionery,4800,24,32640.0,4.93
DS-CONFLUV-053,South,Confectionery,3600,18,24480.0,4.94
DS-CONFLUV-053,West,Confectionery,2600,13,17680.0,4.87
DS-CONFLUV-065,Central,Confectionery,15200,76,51680.0,4.95
DS-CONFLUV-065,East,Confectionery,14200,71,48280.0,4.95
DS-CONFLUV-065,North,Confectionery,5200,26,17680.0,4.95
DS-CONFLUV-065,Northeast,Confectionery,18600,93,63240.0,4.98
DS-CONFLUV-065,South,Confectionery,9200,46,31280.0,4.93
DS-CONFLUV-065,West,Confectionery,13600,68,46240.0,4.94
DS-CONFLUV-086,Central,Confectionery,14600,73,19856.0,4.97
DS-CONFLUV-086,East,Confectionery,19600,98,26656.0,4.96
DS-CONFLUV-086,North,Confectionery,35400,177,48144.0,5.0
DS-CONFLUV-086,Northeast,Confectionery,13800,69,18768.0,4.97
DS-CONFLUV-086,South,Confectionery,16800,84,22848.0,4.97
DS-CONFLUV-086,West,Confectionery,22600,113,30736.0,5.0
DS-CONFPUL-012,Central,Confectionery,200,1,136.0,4.89
DS-CONFPUL-012,East,Confectionery,400,2,272.0,4.85
DS-CONFPUL-012,North,Confectionery,600,3,408.0,4.89
DS-CONFPUL-012,Northeast,Confectionery,0,0,0.0,3.26
DS-CONFPUL-012,South,Confectionery,200,1,136.0,4.71
DS-CONFPUL-012,West,Confectionery,600,3,408.0,4.46
DS-CONFPUL-030,Central,Confectionery,0,0,0.0,5.45
DS-CONFPUL-030,East,Confectionery,200,1,680.0,4.55
DS-CONFPUL-030,North,Confectionery,400,2,1360.0,4.6
DS-CONFPUL-030,Northeast,Confectionery,0,0,0.0,4.41
DS-CONFPUL-030,South,Confectionery,0,0,0.0,5.12
DS-CONFPUL-030,West,Confectionery,0,0,0.0,5.06
DS-CONFPUL-050,Central,Confectionery,5800,29,7888.0,4.91
DS-CONFPUL-050,East,Confectionery,5200,26,7072.0,4.91
DS-CONFPUL-050,North,Confectionery,38200,191,51952.0,5.0
DS-CONFPUL-050,Northeast,Confectionery,25400,127,34544.0,4.97
DS-CONFPUL-050,South,Confectionery,4400,22,5984.0,4.96
DS-CONFPUL-050,West,Confectionery,26800,134,36448.0,4.97
DS-CONFPUL-060,Central,Confectionery,4800,24,16320.0,4.9
DS-CONFPUL-060,East,Confectionery,8200,41,27880.0,4.99
DS-CONFPUL-060,North,Confectionery,5600,28,19040.0,4.97
DS-CONFPUL-060,Northeast,Confectionery,1800,9,6120.0,4.9
DS-CONFPUL-060,South,Confectionery,1400,7,4760.0,4.88
DS-CONFPUL-060,West,Confectionery,1000,5,3400.0,4.83
DS-CONFPUL-081,Central,Confectionery,200,1,680.0,4.42
DS-CONFPUL-081,East,Confectionery,400,2,1360.0,4.45
DS-CONFPUL-081,North,Confectionery,800,4,2720.0,4.77
DS-CONFPUL-081,Northeast,Confectionery,400,2,1360.0,4.68
DS-CONFPUL-081,South,Confectionery,200,1,680.0,4.45
DS-CONFPUL-081,West,Confectionery,400,2,1360.0,4.86
DS-CONFPUL-089,Central,Confectionery,1800,9,6120.0,4.74
DS-CONFPUL-089,East,Confectionery,5600,28,19040.0,4.9
DS-CONFPUL-089,North,Confectionery,12000,60,40800.0,4.98
DS-CONFPUL-089,Northeast,Confectionery,2600,13,8840.0,4.86
DS-CONFPUL-089,South,Confectionery,4400,22,14960.0,4.96
DS-CONFPUL-089,West,Confectionery,8200,41,27880.0,4.91
DS-CONFPULSE-001,Central,Confectionery,13800,69,9384.0,4.98
DS-CONFPULSE-001,East,Confectionery,19600,98,13328.0,4.98
DS-CONFPULSE-001,North,Confectionery,35600,178,24208.0,4.98
DS-CONFPULSE-001,Northeast,Confectionery,21800,109,14824.0,4.99
DS-CONFPULSE-001,South,Confectionery,15600,78,10608.0,4.95
DS-CONFPULSE-001,West,Confectionery,9600,48,6528.0,4.95
DS-CONFPULSE-149,Central,Confectionery,4000,20,2720.0,4.95
DS-CONFPULSE-149,East,Confectionery,1800,9,1224.0,4.84
DS-CONFPULSE-149,North,Confectionery,8400,42,5712.0,4.96
DS-CONFPULSE-149,Northeast,Confectionery,9400,47,6392.0,4.99
DS-CONFPULSE-149,South,Confectionery,800,4,544.0,4.6
DS-CONFPULSE-149,West,Confectionery,2200,11,1496.0,4.92
DS-DAIRKSH-002,Central,Dairy,2640,110,63360.0,4.98
DS-DAIRKSH-002,North,Dairy,12984,541,311616.0,5.0
DS-DAIRKSH-002,Northeast,Dairy,13296,554,319104.0,5.0
DS-DAIRKSH-002,South,Dairy,9504,396,228096.0,5.0
DS-DAIRKSH-002,West,Dairy,29880,1245,717120.0,5.0
DS-DAIRKSH-004,Central,Dairy,288,12,2765.0,4.81
DS-DAIRKSH-004,East,Dairy,360,15,3456.0,4.86
DS-DAIRKSH-004,North,Dairy,816,34,7834.0,4.96
DS-DAIRKSH-004,Northeast,Dairy,144,6,1382.0,4.66
DS-DAIRKSH-004,South,Dairy,192,8,1843.0,4.77
DS-DAIRKSH-004,West,Dairy,240,10,2304.0,4.76
DS-DAIRKSH-011,Central,Dairy,336,14,16128.0,4.81
DS-DAIRKSH-011,East,Dairy,288,12,13824.0,4.96
DS-DAIRKSH-011,North,Dairy,1128,47,54144.0,4.96
DS-DAIRKSH-011,Northeast,Dairy,576,24,27648.0,4.97
DS-DAIRKSH-011,South,Dairy,408,17,19584.0,4.82
DS-DAIRKSH-011,West,Dairy,288,12,13824.0,4.96
DS-DAIRKSH-017,Central,Dairy,2544,106,61056.0,5.0
DS-DAIRKSH-017,East,Dairy,8112,338,194688.0,4.99
DS-DAIRKSH-017,North,Dairy,13872,578,332928.0,5.0
DS-DAIRKSH-017,Northeast,Dairy,11640,485,279360.0,5.0
DS-DAIRKSH-017,South,Dairy,20112,838,482688.0,5.0
DS-DAIRKSH-017,West,Dairy,23424,976,562176.0,5.0
DS-DAIRKSH-023,Central,Dairy,600,25,14400.0,4.94
DS-DAIRKSH-023,East,Dairy,456,19,10944.0,4.98
DS-DAIRKSH-023,North,Dairy,696,29,16704.0,4.9
DS-DAIRKSH-023,Northeast,Dairy,768,32,18432.0,4.92
DS-DAIRKSH-023,South,Dairy,288,12,6912.0,4.92
DS-DAIRKSH-023,West,Dairy,528,22,12672.0,4.94
DS-DAIRKSH-033,Central,Dairy,264,11,5280.0,4.88
DS-DAIRKSH-033,East,Dairy,312,13,6240.0,4.88
DS-DAIRKSH-033,North,Dairy,1056,44,21120.0,4.93
DS-DAIRKSH-033,Northeast,Dairy,720,30,14400.0,4.97
DS-DAIRKSH-033,South,Dairy,192,8,3840.0,4.92
DS-DAIRKSH-033,West,Dairy,192,8,3840.0,4.98
DS-DAIRKSH-037,Central,Dairy,504,21,10080.0,4.94
DS-DAIRKSH-037,East,Dairy,480,20,9600.0,4.89
DS-DAIRKSH-037,North,Dairy,792,33,15840.0,4.91
DS-DAIRKSH-037,Northeast,Dairy,456,19,9120.0,4.88
DS-DAIRKSH-037,South,Dairy,360,15,7200.0,4.99
DS-DAIRKSH-037,West,Dairy,936,39,18720.0,4.97
DS-DAIRKSH-047,Central,Dairy,432,18,20736.0,4.87
DS-DAIRKSH-047,East,Dairy,312,13,14976.0,4.81
DS-DAIRKSH-047,North,Dairy,1440,60,69120.0,4.96
DS-DAIRKSH-047,Northeast,Dairy,384,16,18432.0,4.98
DS-DAIRKSH-047,South,Dairy,96,4,4608.0,4.89
DS-DAIRKSH-047,West,Dairy,1560,65,74880.0,4.95
DS-DAIRKSH-054,Central,Dairy,3336,139,160128.0,4.98
DS-DAIRKSH-054,East,Dairy,11040,460,529920.0,5.0
DS-DAIRKSH-054,North,Dairy,12216,509,586368.0,5.0
DS-DAIRKSH-054,Northeast,Dairy,12168,507,584064.0,5.0
DS-DAIRKSH-054,South,Dairy,7056,294,338688.0,4.99
DS-DAIRKSH-054,West,Dairy,15240,635,731520.0,5.0
DS-DAIRKSH-058,Central,Dairy,216,9,2074.0,4.76
DS-DAIRKSH-058,East,Dairy,408,17,3917.0,4.86
DS-DAIRKSH-058,North,Dairy,552,23,5299.0,4.95
DS-DAIRKSH-058,Northeast,Dairy,816,34,7834.0,5.0
DS-DAIRKSH-058,South,Dairy,336,14,3226.0,4.85
DS-DAIRKSH-058,West,Dairy,744,31,7142.0,4.96
DS-DAIRKSH-061,Central,Dairy,504,21,10080.0,4.91
DS-DAIRKSH-061,East,Dairy,696,29,13920.0,4.98
DS-DAIRKSH-061,North,Dairy,888,37,17760.0,4.95
DS-DAIRKSH-061,Northeast,Dairy,648,27,12960.0,4.96
DS-DAIRKSH-061,South,Dairy,576,24,11520.0,4.9
DS-DAIRKSH-061,West,Dairy,552,23,11040.0,4.91
DS-DAIRKSH-064,Central,Dairy,312,13,7488.0,4.83
DS-DAIRKSH-064,East,Dairy,240,10,5760.0,4.99
DS-DAIRKSH-064,North,Dairy,1416,59,33984.0,4.96
DS-DAIRKSH-064,Northeast,Dairy,360,15,8640.0,4.83
DS-DAIRKSH-064,South,Dairy,312,13,7488.0,4.84
DS-DAIRKSH-064,West,Dairy,336,14,8064.0,4.86
DS-DAIRKSH-067,Central,Dairy,360,15,3456.0,4.95
DS-DAIRKSH-067,East,Dairy,480,20,4608.0,4.95
DS-DAIRKSH-067,North,Dairy,984,41,9446.0,4.95
DS-DAIRKSH-067,Northeast,Dairy,936,39,8986.0,5.0
DS-DAIRKSH-067,South,Dairy,216,9,2074.0,4.83
DS-DAIRKSH-067,West,Dairy,408,17,3917.0,4.87
DS-DAIRKSH-071,Central,Dairy,2448,102,58752.0,4.99
DS-DAIRKSH-071,East,Dairy,3168,132,76032.0,4.99
DS-DAIRKSH-071,North,Dairy,1392,58,33408.0,4.95
DS-DAIRKSH-071,Northeast,Dairy,2016,84,48384.0,4.98
DS-DAIRKSH-071,South,Dairy,792,33,19008.0,4.98
DS-DAIRKSH-071,West,Dairy,1248,52,29952.0,4.98
DS-DAIRKSH-083,Central,Dairy,384,16,3686.0,4.85
DS-DAIRKSH-083,East,Dairy,576,24,5530.0,4.93
DS-DAIRKSH-083,North,Dairy,408,17,3917.0,4.92
DS-DAIRKSH-083,Northeast,Dairy,576,24,5530.0,4.92
DS-DAIRKSH-083,South,Dairy,480,20,4608.0,4.96
DS-DAIRKSH-083,West,Dairy,216,9,2074.0,4.87
DS-DAIRKSH-084,Central,Dairy,4320,180,103680.0,5.0
DS-DAIRKSH-084,East,Dairy,22872,953,548928.0,5.0
DS-DAIRKSH-084,North,Dairy,28368,1182,680832.0,5.0
DS-DAIRKSH-084,Northeast,Dairy,3264,136,78336.0,4.99
DS-DAIRKSH-084,South,Dairy,21264,886,510336.0,5.0
DS-DAIRKSH-084,West,Dairy,21744,906,521856.0,5.0
DS-DAIRKSH-103,Central,Dairy,1680,70,40320.0,4.96
DS-DAIRKSH-103,East,Dairy,5592,233,134208.0,5.0
DS-DAIRKSH-103,North,Dairy,12144,506,291456.0,5.0
DS-DAIRKSH-103,Northeast,Dairy,2064,86,49536.0,4.97
DS-DAIRKSH-103,South,Dairy,2328,97,55872.0,4.97
DS-DAIRKSH-103,West,Dairy,7224,301,173376.0,4.99
DS-DAIRKSH-115,Central,Dairy,696,29,6682.0,4.93
DS-DAIRKSH-115,East,Dairy,696,29,6682.0,5.0
DS-DAIRKSH-115,North,Dairy,552,23,5299.0,4.97
DS-DAIRKSH-115,Northeast,Dairy,720,30,6912.0,4.96
DS-DAIRKSH-115,South,Dairy,360,15,3456.0,4.93
DS-DAIRKSH-115,West,Dairy,696,29,6682.0,4.95
DS-DAIRKSH-117,Central,Dairy,18936,789,378720.0,5.0
DS-DAIRKSH-117,East,Dairy,7152,298,143040.0,4.99
DS-DAIRKSH-117,North,Dairy,52800,2200,1056000.0,5.0
DS-DAIRKSH-117,Northeast,Dairy,9768,407,195360.0,5.0
DS-DAIRKSH-117,South,Dairy,9744,406,194880.0,5.0
DS-DAIRKSH-117,West,Dairy,4824,201,96480.0,5.0
DS-DAIRKSH-120,Central,Dairy,12288,512,245760.0,4.99
DS-DAIRKSH-120,East,Dairy,28440,1185,568800.0,5.0
DS-DAIRKSH-120,North,Dairy,11136,464,222720.0,4.99
DS-DAIRKSH-120,Northeast,Dairy,15360,640,307200.0,5.0
DS-DAIRKSH-120,South,Dairy,9192,383,183840.0,5.0
DS-DAIRKSH-120,West,Dairy,12792,533,255840.0,4.99
DS-DAIRKSH-136,Central,Dairy,12720,530,305280.0,4.99
DS-DAIRKSH-136,East,Dairy,5784,241,138816.0,5.0
DS-DAIRKSH-136,North,Dairy,6840,285,164160.0,5.0
DS-DAIRKSH-136,Northeast,Dairy,3000,125,72000.0,4.98
DS-DAIRKSH-136,South,Dairy,3288,137,78912.0,4.99
DS-DAIRKSH-136,West,Dairy,25944,1081,622656.0,5.0
DS-MOUTBAB-014,Central,MouthFreshener,3100,31,63550.0,4.94
DS-MOUTBAB-014,East,MouthFreshener,7400,74,151700.0,4.99
DS-MOUTBAB-014,North,MouthFreshener,3100,31,63550.0,4.9
DS-MOUTBAB-014,Northeast,MouthFreshener,5900,59,120950.0,4.98
DS-MOUTBAB-014,South,MouthFreshener,2100,21,43050.0,4.93
DS-MOUTBAB-014,West,MouthFreshener,3900,39,79950.0,4.92
DS-MOUTBAB-025,Central,MouthFreshener,8800,88,36080.0,4.98
DS-MOUTBAB-025,East,MouthFreshener,28200,282,115620.0,4.99
DS-MOUTBAB-025,North,MouthFreshener,20400,204,83640.0,4.99
DS-MOUTBAB-025,Northeast,MouthFreshener,18000,180,73800.0,4.99
DS-MOUTBAB-025,South,MouthFreshener,9000,90,36900.0,4.98
DS-MOUTBAB-025,West,MouthFreshener,11100,111,45510.0,5.0
DS-MOUTBAB-144,Central,MouthFreshener,13600,136,278800.0,4.97
DS-MOUTBAB-144,East,MouthFreshener,14100,141,289050.0,4.98
DS-MOUTBAB-144,North,MouthFreshener,14500,145,297250.0,4.99
DS-MOUTBAB-144,Northeast,MouthFreshener,20600,206,422300.0,4.99
DS-MOUTBAB-144,South,MouthFreshener,8900,89,182450.0,4.97
DS-MOUTBAB-144,West,MouthFreshener,15100,151,309550.0,4.99
DS-MOUTMAS-049,Central,MouthFreshener,100,1,820.0,3.92
DS-MOUTMAS-049,East,MouthFreshener,200,2,1640.0,4.69
DS-MOUTMAS-049,North,MouthFreshener,500,5,4100.0,4.72
DS-MOUTMAS-049,Northeast,MouthFreshener,300,3,2460.0,4.57
DS-MOUTMAS-049,South,MouthFreshener,100,1,820.0,4.69
DS-MOUTMAS-049,West,MouthFreshener,0,0,0.0,3.83
DS-MOUTMAS-066,Central,MouthFreshener,200,2,820.0,3.93
DS-MOUTMAS-066,East,MouthFreshener,300,3,1230.0,4.55
DS-MOUTMAS-066,North,MouthFreshener,100,1,410.0,4.44
DS-MOUTMAS-066,Northeast,MouthFreshener,200,2,820.0,4.58
DS-MOUTMAS-066,South,MouthFreshener,100,1,410.0,4.15
DS-MOUTMAS-066,West,MouthFreshener,0,0,0.0,3.53
DS-MOUTMAS-082,Central,MouthFreshener,300,3,6150.0,4.48
DS-MOUTMAS-082,East,MouthFreshener,200,2,4100.0,4.75
DS-MOUTMAS-082,North,MouthFreshener,500,5,10250.0,4.93
DS-MOUTMAS-082,Northeast,MouthFreshener,500,5,10250.0,4.85
DS-MOUTMAS-082,South,MouthFreshener,0,0,0.0,4.28
DS-MOUTMAS-082,West,MouthFreshener,200,2,4100.0,4.57
DS-MOUTMAS-088,Central,MouthFreshener,300,3,2460.0,4.35
DS-MOUTMAS-088,East,MouthFreshener,400,4,3280.0,4.86
DS-MOUTMAS-088,North,MouthFreshener,200,2,1640.0,4.24
DS-MOUTMAS-088,Northeast,MouthFreshener,700,7,5740.0,4.8
DS-MOUTMAS-088,South,MouthFreshener,600,6,4920.0,4.67
DS-MOUTMAS-088,West,MouthFreshener,600,6,4920.0,4.97
DS-MOUTMAS-091,Central,MouthFreshener,300,3,2460.0,4.62
DS-MOUTMAS-091,East,MouthFreshener,200,2,1640.0,4.49
DS-MOUTMAS-091,North,MouthFreshener,700,7,5740.0,4.93
DS-MOUTMAS-091,Northeast,MouthFreshener,500,5,4100.0,4.46
DS-MOUTMAS-091,South,MouthFreshener,200,2,1640.0,4.91
DS-MOUTMAS-091,West,MouthFreshener,200,2,1640.0,4.62
DS-MOUTMAS-126,Central,MouthFreshener,5900,59,9676.0,4.96
DS-MOUTMAS-126,East,MouthFreshener,18600,186,30504.0,4.99
DS-MOUTMAS-126,North,MouthFreshener,12100,121,19844.0,4.99
DS-MOUTMAS-126,Northeast,MouthFreshener,11900,119,19516.0,5.0
DS-MOUTMAS-126,South,MouthFreshener,8200,82,13448.0,4.99
DS-MOUTMAS-126,West,MouthFreshener,10600,106,17384.0,4.97
DS-MOUTMAS-139,Central,MouthFreshener,200,2,820.0,4.35
DS-MOUTMAS-139,East,MouthFreshener,200,2,820.0,4.44
DS-MOUTMAS-139,North,MouthFreshener,500,5,2050.0,4.96
DS-MOUTMAS-139,Northeast,MouthFreshener,200,2,820.0,4.39
DS-MOUTMAS-139,South,MouthFreshener,100,1,410.0,4.41
DS-MOUTMAS-139,West,MouthFreshener,200,2,820.0,4.69
DS-MOUTMAS-140,Central,MouthFreshener,300,3,492.0,4.79
DS-MOUTMAS-140,East,MouthFreshener,200,2,328.0,4.4
DS-MOUTMAS-140,North,MouthFreshener,1000,10,1640.0,4.81
DS-MOUTMAS-140,Northeast,MouthFreshener,500,5,820.0,4.66
DS-MOUTMAS-140,South,MouthFreshener,200,2,328.0,4.72
DS-MOUTMAS-140,West,MouthFreshener,400,4,656.0,4.64
DS-MOUTRAJ-032,Central,MouthFreshener,1500,15,12300.0,4.98
DS-MOUTRAJ-032,East,MouthFreshener,9600,96,78720.0,4.97
DS-MOUTRAJ-032,North,MouthFreshener,4400,44,36080.0,4.99
DS-MOUTRAJ-032,Northeast,MouthFreshener,9900,99,81180.0,4.98
DS-MOUTRAJ-032,South,MouthFreshener,2700,27,22140.0,4.91
DS-MOUTRAJ-032,West,MouthFreshener,2300,23,18860.0,4.99
DS-MOUTRAJ-034,Central,MouthFreshener,4400,44,36080.0,4.98
DS-MOUTRAJ-034,East,MouthFreshener,2400,24,19680.0,4.85
DS-MOUTRAJ-034,North,MouthFreshener,3600,36,29520.0,4.98
DS-MOUTRAJ-034,Northeast,MouthFreshener,3200,32,26240.0,4.98
DS-MOUTRAJ-034,South,MouthFreshener,1900,19,15580.0,4.88
DS-MOUTRAJ-034,West,MouthFreshener,1900,19,15580.0,4.96
DS-MOUTRAJ-040,Central,MouthFreshener,200,2,328.0,4.92
DS-MOUTRAJ-040,East,MouthFreshener,400,4,656.0,4.88
DS-MOUTRAJ-040,North,MouthFreshener,600,6,984.0,4.95
DS-MOUTRAJ-040,Northeast,MouthFreshener,600,6,984.0,4.99
DS-MOUTRAJ-040,South,MouthFreshener,100,1,164.0,4.88
DS-MOUTRAJ-040,West,MouthFreshener,400,4,656.0,4.82
DS-MOUTRAJ-072,Central,MouthFreshener,300,3,492.0,4.24
DS-MOUTRAJ-072,East,MouthFreshener,500,5,820.0,4.39
DS-MOUTRAJ-072,North,MouthFreshener,700,7,1148.0,4.73
DS-MOUTRAJ-072,Northeast,MouthFreshener,100,1,164.0,4.8
DS-MOUTRAJ-072,South,MouthFreshener,400,4,656.0,4.81
DS-MOUTRAJ-072,West,MouthFreshener,100,1,164.0,4.45
DS-MOUTRAJ-104,Central,MouthFreshener,2700,27,55350.0,4.92
DS-MOUTRAJ-104,East,MouthFreshener,1000,10,20500.0,4.97
DS-MOUTRAJ-104,North,MouthFreshener,3900,39,79950.0,4.98
DS-MOUTRAJ-104,Northeast,MouthFreshener,5800,58,118900.0,5.0
DS-MOUTRAJ-104,South,MouthFreshener,2000,20,41000.0,4.96
DS-MOUTRAJ-104,West,MouthFreshener,3300,33,67650.0,4.98
DS-MOUTRAJ-128,Central,MouthFreshener,100,1,2050.0,4.9
DS-MOUTRAJ-128,East,MouthFreshener,100,1,2050.0,3.74
DS-MOUTRAJ-128,North,MouthFreshener,600,6,12300.0,4.91
DS-MOUTRAJ-128,Northeast,MouthFreshener,100,1,2050.0,4.75
DS-MOUTRAJ-128,South,MouthFreshener,200,2,4100.0,4.76
DS-MOUTRAJ-128,West,MouthFreshener,100,1,2050.0,4.42
DS-MOUTRAJ-141,Central,MouthFreshener,400,4,1640.0,4.57
DS-MOUTRAJ-141,East,MouthFreshener,500,5,2050.0,4.88
DS-MOUTRAJ-141,North,MouthFreshener,800,8,3280.0,4.77
DS-MOUTRAJ-141,Northeast,MouthFreshener,500,5,2050.0,4.62
DS-MOUTRAJ-141,South,MouthFreshener,200,2,820.0,4.42
DS-MOUTRAJ-141,West,MouthFreshener,400,4,1640.0,4.43
DS-MOUTRAJ-145,Central,MouthFreshener,8300,83,170150.0,4.95
DS-MOUTRAJ-145,East,MouthFreshener,10700,107,219350.0,4.99
DS-MOUTRAJ-145,North,MouthFreshener,18300,183,375150.0,4.98
DS-MOUTRAJ-145,Northeast,MouthFreshener,9600,96,196800.0,4.98
DS-MOUTRAJ-145,South,MouthFreshener,4900,49,100450.0,4.95
DS-MOUTRAJ-145,West,MouthFreshener,24700,247,506350.0,4.99
DS-MOUTRAJ-146,Central,MouthFreshener,2000,20,16400.0,4.99
DS-MOUTRAJ-146,East,MouthFreshener,4400,44,36080.0,4.96
DS-MOUTRAJ-146,North,MouthFreshener,8400,84,68880.0,4.99
DS-MOUTRAJ-146,Northeast,MouthFreshener,4100,41,33620.0,4.96
DS-MOUTRAJ-146,South,MouthFreshener,3300,33,27060.0,4.93
DS-MOUTRAJ-146,West,MouthFreshener,8200,82,67240.0,4.99
DS-MOUTTAN-010,Central,MouthFreshener,16500,165,135300.0,4.98
DS-MOUTTAN-010,East,MouthFreshener,30800,308,252560.0,4.99
DS-MOUTTAN-010,North,MouthFreshener,32000,320,262400.0,5.0
DS-MOUTTAN-010,Northeast,MouthFreshener,11900,119,97580.0,5.0
DS-MOUTTAN-010,South,MouthFreshener,15400,154,126280.0,4.98
DS-MOUTTAN-010,West,MouthFreshener,2100,21,17220.0,5.0
DS-MOUTTAN-021,Central,MouthFreshener,3800,38,77900.0,4.91
DS-MOUTTAN-021,East,MouthFreshener,2500,25,51250.0,4.9
DS-MOUTTAN-021,North,MouthFreshener,2900,29,59450.0,4.91
DS-MOUTTAN-021,Northeast,MouthFreshener,10100,101,207050.0,4.99
DS-MOUTTAN-021,South,MouthFreshener,2300,23,47150.0,4.97
DS-MOUTTAN-021,West,MouthFreshener,2200,22,45100.0,4.98
DS-MOUTTAN-024,Central,MouthFreshener,100,1,164.0,3.47
DS-MOUTTAN-024,East,MouthFreshener,200,2,328.0,4.33
DS-MOUTTAN-024,North,MouthFreshener,900,9,1476.0,4.89
DS-MOUTTAN-024,Northeast,MouthFreshener,1200,12,1968.0,4.95
DS-MOUTTAN-024,South,MouthFreshener,0,0,0.0,6.78
DS-MOUTTAN-024,West,MouthFreshener,400,4,656.0,4.48
DS-MOUTTAN-031,Central,MouthFreshener,500,5,4100.0,4.9
DS-MOUTTAN-031,East,MouthFreshener,400,4,3280.0,4.99
DS-MOUTTAN-031,North,MouthFreshener,800,8,6560.0,4.92
DS-MOUTTAN-031,Northeast,MouthFreshener,400,4,3280.0,4.64
DS-MOUTTAN-031,South,MouthFreshener,200,2,1640.0,4.52
DS-MOUTTAN-031,West,MouthFreshener,300,3,2460.0,4.59
DS-MOUTTAN-085,Central,MouthFreshener,700,7,14350.0,4.85
DS-MOUTTAN-085,East,MouthFreshener,100,1,2050.0,4.67
DS-MOUTTAN-085,North,MouthFreshener,400,4,8200.0,4.55
DS-MOUTTAN-085,Northeast,MouthFreshener,1000,10,20500.0,4.87
DS-MOUTTAN-085,South,MouthFreshener,800,8,16400.0,4.7
DS-MOUTTAN-085,West,MouthFreshener,1100,11,22550.0,4.88
DS-MOUTTAN-147,Central,MouthFreshener,15800,158,129560.0,5.0
DS-MOUTTAN-147,East,MouthFreshener,19700,197,161540.0,4.99
DS-MOUTTAN-147,North,MouthFreshener,15700,157,128740.0,4.99
DS-MOUTTAN-147,Northeast,MouthFreshener,9700,97,79540.0,4.98
DS-MOUTTAN-147,South,MouthFreshener,14600,146,119720.0,4.98
DS-MOUTTAN-147,West,MouthFreshener,38100,381,312420.0,5.0
DS-SNACNOT-007,Central,Snacks,12720,265,193344.0,5.0
DS-SNACNOT-007,East,Snacks,16416,342,249523.0,4.99
DS-SNACNOT-007,North,Snacks,10656,222,161971.0,4.99
DS-SNACNOT-007,Northeast,Snacks,14592,304,221798.0,5.0
DS-SNACNOT-007,South,Snacks,7248,151,110170.0,4.99
DS-SNACNOT-007,West,Snacks,24960,520,379392.0,5.0
DS-SNACNOT-015,Central,Snacks,384,8,2918.0,4.9
DS-SNACNOT-015,East,Snacks,528,11,4013.0,4.96
DS-SNACNOT-015,North,Snacks,672,14,5107.0,4.99
DS-SNACNOT-015,Northeast,Snacks,432,9,3283.0,4.99
DS-SNACNOT-015,South,Snacks,240,5,1824.0,4.85
DS-SNACNOT-015,West,Snacks,384,8,2918.0,4.76
DS-SNACNOT-018,Central,Snacks,3600,75,136800.0,4.99
DS-SNACNOT-018,East,Snacks,3984,83,151392.0,4.99
DS-SNACNOT-018,North,Snacks,2784,58,105792.0,4.96
DS-SNACNOT-018,Northeast,Snacks,3408,71,129504.0,4.99
DS-SNACNOT-018,South,Snacks,1536,32,58368.0,4.98
DS-SNACNOT-018,West,Snacks,4800,100,182400.0,4.97
DS-SNACNOT-029,Central,Snacks,2256,47,34291.0,4.93
DS-SNACNOT-029,East,Snacks,2208,46,33562.0,4.97
DS-SNACNOT-029,North,Snacks,5808,121,88282.0,5.0
DS-SNACNOT-029,Northeast,Snacks,2688,56,40858.0,4.96
DS-SNACNOT-029,South,Snacks,1104,23,16781.0,4.95
DS-SNACNOT-029,West,Snacks,2400,50,36480.0,4.94
DS-SNACNOT-038,Central,Snacks,48,1,365.0,3.78
DS-SNACNOT-038,East,Snacks,240,5,1824.0,4.74
DS-SNACNOT-038,North,Snacks,1104,23,8390.0,4.97
DS-SNACNOT-038,Northeast,Snacks,432,9,3283.0,4.75
DS-SNACNOT-038,South,Snacks,576,12,4378.0,4.98
DS-SNACNOT-038,West,Snacks,1008,21,7661.0,4.96
DS-SNACNOT-039,Central,Snacks,6192,129,94118.0,4.99
DS-SNACNOT-039,East,Snacks,5280,110,80256.0,4.98
DS-SNACNOT-039,North,Snacks,14208,296,215962.0,4.99
DS-SNACNOT-039,Northeast,Snacks,9744,203,148109.0,4.99
DS-SNACNOT-039,South,Snacks,9936,207,151027.0,4.99
DS-SNACNOT-039,West,Snacks,9312,194,141542.0,4.99
DS-SNACNOT-046,Central,Snacks,576,12,4378.0,4.9
DS-SNACNOT-046,East,Snacks,336,7,2554.0,4.97
DS-SNACNOT-046,North,Snacks,1392,29,10579.0,4.97
DS-SNACNOT-046,Northeast,Snacks,672,14,5107.0,4.9
DS-SNACNOT-046,South,Snacks,240,5,1824.0,4.78
DS-SNACNOT-046,West,Snacks,528,11,4013.0,4.91
DS-SNACNOT-055,Central,Snacks,480,10,3648.0,4.97
DS-SNACNOT-055,East,Snacks,528,11,4013.0,4.94
DS-SNACNOT-055,North,Snacks,1392,29,10579.0,4.97
DS-SNACNOT-055,Northeast,Snacks,0,0,0.0,4.65
DS-SNACNOT-055,South,Snacks,240,5,1824.0,4.7
DS-SNACNOT-055,West,Snacks,384,8,2918.0,4.78
DS-SNACNOT-062,Central,Snacks,192,4,1459.0,4.65
DS-SNACNOT-062,East,Snacks,336,7,2554.0,4.62
DS-SNACNOT-062,North,Snacks,384,8,2918.0,4.75
DS-SNACNOT-062,Northeast,Snacks,576,12,4378.0,4.89
DS-SNACNOT-062,South,Snacks,192,4,1459.0,4.98
DS-SNACNOT-062,West,Snacks,624,13,4742.0,4.8
DS-SNACNOT-075,Central,Snacks,192,4,2918.0,4.65
DS-SNACNOT-075,East,Snacks,528,11,8026.0,4.8
DS-SNACNOT-075,North,Snacks,1056,22,16051.0,4.9
DS-SNACNOT-075,Northeast,Snacks,672,14,10214.0,4.81
DS-SNACNOT-075,South,Snacks,240,5,3648.0,4.61
DS-SNACNOT-075,West,Snacks,960,20,14592.0,4.94
DS-SNACNOT-096,Central,Snacks,576,12,4378.0,4.85
DS-SNACNOT-096,East,Snacks,240,5,1824.0,4.78
DS-SNACNOT-096,North,Snacks,576,12,4378.0,4.92
DS-SNACNOT-096,Northeast,Snacks,816,17,6202.0,4.99
DS-SNACNOT-096,South,Snacks,336,7,2554.0,5.0
DS-SNACNOT-096,West,Snacks,384,8,2918.0,4.77
DS-SNACNOT-124,Central,Snacks,3120,65,47424.0,4.97
DS-SNACNOT-124,East,Snacks,5232,109,79526.0,4.98
DS-SNACNOT-124,North,Snacks,5136,107,78067.0,4.97
DS-SNACNOT-124,Northeast,Snacks,2832,59,43046.0,4.98
DS-SNACNOT-124,South,Snacks,1056,22,16051.0,4.93
DS-SNACNOT-124,West,Snacks,720,15,10944.0,4.84
DS-SNACNOT-125,Central,Snacks,1536,32,23347.0,4.95
DS-SNACNOT-125,East,Snacks,2016,42,30643.0,4.98
DS-SNACNOT-125,North,Snacks,5712,119,86822.0,4.99
DS-SNACNOT-125,Northeast,Snacks,5520,115,83904.0,4.99
DS-SNACNOT-125,South,Snacks,912,19,13862.0,5.0
DS-SNACNOT-125,West,Snacks,2496,52,37939.0,4.95
DS-SNACNOT-135,Central,Snacks,240,5,9120.0,4.57
DS-SNACNOT-135,East,Snacks,384,8,14592.0,4.77
DS-SNACNOT-135,North,Snacks,864,18,32832.0,4.94
DS-SNACNOT-135,Northeast,Snacks,720,15,27360.0,4.99
DS-SNACNOT-135,South,Snacks,336,7,12768.0,4.61
DS-SNACNOT-135,West,Snacks,672,14,25536.0,4.87
DS-SNACSNA-063,Central,Snacks,2592,54,39398.0,4.97
DS-SNACSNA-063,East,Snacks,2256,47,34291.0,4.97
DS-SNACSNA-063,North,Snacks,5760,120,87552.0,4.98
DS-SNACSNA-063,Northeast,Snacks,5856,122,89011.0,4.99
DS-SNACSNA-063,South,Snacks,1056,22,16051.0,5.0
DS-SNACSNA-063,West,Snacks,1344,28,20429.0,4.93
DS-SNACSNA-080,Central,Snacks,576,12,21888.0,4.84
DS-SNACSNA-080,East,Snacks,480,10,18240.0,4.99
DS-SNACSNA-080,North,Snacks,576,12,21888.0,4.91
DS-SNACSNA-080,Northeast,Snacks,768,16,29184.0,4.96
DS-SNACSNA-080,South,Snacks,144,3,5472.0,4.5
DS-SNACSNA-080,West,Snacks,816,17,31008.0,4.98
DS-SNACSNA-097,Central,Snacks,1920,40,72960.0,4.99
DS-SNACSNA-097,East,Snacks,6720,140,255360.0,4.99
DS-SNACSNA-097,North,Snacks,5424,113,206112.0,4.98
DS-SNACSNA-097,Northeast,Snacks,2256,47,85728.0,4.95
DS-SNACSNA-097,South,Snacks,1920,40,72960.0,4.99
DS-SNACSNA-097,West,Snacks,4368,91,165984.0,4.99
DS-SNACSNA-110,Central,Snacks,192,4,2918.0,4.85
DS-SNACSNA-110,East,Snacks,1008,21,15322.0,4.85
DS-SNACSNA-110,North,Snacks,1056,22,16051.0,4.93
DS-SNACSNA-110,Northeast,Snacks,432,9,6566.0,4.74
DS-SNACSNA-110,South,Snacks,528,11,8026.0,4.96
DS-SNACSNA-110,West,Snacks,384,8,5837.0,4.78
DS-SNACSNA-122,Central,Snacks,384,8,2918.0,4.84
DS-SNACSNA-122,East,Snacks,576,12,4378.0,4.99
DS-SNACSNA-122,North,Snacks,480,10,3648.0,4.77
DS-SNACSNA-122,Northeast,Snacks,960,20,7296.0,4.91
DS-SNACSNA-122,South,Snacks,384,8,2918.0,4.71
DS-SNACSNA-122,West,Snacks,384,8,2918.0,4.92
DS-SNACSNA-123,Central,Snacks,336,7,2554.0,4.68
DS-SNACSNA-123,East,Snacks,2208,46,16781.0,4.98
DS-SNACSNA-123,North,Snacks,7104,148,53990.0,4.99
DS-SNACSNA-123,Northeast,Snacks,3600,75,27360.0,4.97
DS-SNACSNA-123,South,Snacks,3600,75,27360.0,4.97
DS-SNACSNA-123,West,Snacks,4848,101,36845.0,4.98
DS-SNACSNA-132,Central,Snacks,48,1,365.0,4.13
DS-SNACSNA-132,East,Snacks,384,8,2918.0,4.81
DS-SNACSNA-132,North,Snacks,1008,21,7661.0,4.89
DS-SNACSNA-132,Northeast,Snacks,624,13,4742.0,4.93
DS-SNACSNA-132,South,Snacks,192,4,1459.0,4.9
DS-SNACSNA-132,West,Snacks,576,12,4378.0,4.82
DS-SNACSNA-143,Central,Snacks,288,6,4378.0,4.76
DS-SNACSNA-143,East,Snacks,384,8,5837.0,4.89
DS-SNACSNA-143,North,Snacks,528,11,8026.0,4.82
DS-SNACSNA-143,Northeast,Snacks,384,8,5837.0,4.85
DS-SNACSNA-143,South,Snacks,384,8,5837.0,4.89
DS-SNACSNA-143,West,Snacks,336,7,5107.0,4.72
DS-SPICCAT-003,Central,Spices,384,8,31488.0,4.91
DS-SPICCAT-003,East,Spices,384,8,31488.0,4.63
DS-SPICCAT-003,North,Spices,528,11,43296.0,4.89
DS-SPICCAT-003,Northeast,Spices,432,9,35424.0,4.94
DS-SPICCAT-003,South,Spices,240,5,19680.0,4.99
DS-SPICCAT-003,West,Spices,432,9,35424.0,4.79
DS-SPICCAT-005,Central,Spices,9360,195,383760.0,4.98
DS-SPICCAT-005,East,Spices,27072,564,1109952.0,5.0
DS-SPICCAT-005,North,Spices,27648,576,1133568.0,5.0
DS-SPICCAT-005,Northeast,Spices,18192,379,745872.0,5.0
DS-SPICCAT-005,South,Spices,20112,419,824592.0,5.0
DS-SPICCAT-005,West,Spices,9840,205,403440.0,4.99
DS-SPICCAT-016,Central,Spices,11664,243,95645.0,4.99
DS-SPICCAT-016,East,Spices,10176,212,83443.0,4.98
DS-SPICCAT-016,North,Spices,34656,722,284179.0,5.0
DS-SPICCAT-016,Northeast,Spices,26400,550,216480.0,5.0
DS-SPICCAT-016,South,Spices,8784,183,72029.0,4.99
DS-SPICCAT-016,West,Spices,16896,352,138547.0,4.99
DS-SPICCAT-027,Central,Spices,240,5,1968.0,4.79
DS-SPICCAT-027,East,Spices,384,8,3149.0,4.69
DS-SPICCAT-027,North,Spices,336,7,2755.0,4.84
DS-SPICCAT-027,Northeast,Spices,480,10,3936.0,4.8
DS-SPICCAT-027,South,Spices,336,7,2755.0,4.68
DS-SPICCAT-027,West,Spices,384,8,3149.0,4.7
DS-SPICCAT-051,Central,Spices,14448,301,118474.0,4.99
DS-SPICCAT-051,East,Spices,19488,406,159802.0,4.99
DS-SPICCAT-051,North,Spices,45888,956,376282.0,5.0
DS-SPICCAT-051,Northeast,Spices,21696,452,177907.0,4.99
DS-SPICCAT-051,South,Spices,15504,323,127133.0,4.99
DS-SPICCAT-051,West,Spices,25584,533,209789.0,5.0
DS-SPICCAT-113,Central,Spices,240,5,1968.0,4.58
DS-SPICCAT-113,East,Spices,384,8,3149.0,4.76
DS-SPICCAT-113,North,Spices,528,11,4330.0,4.92
DS-SPICCAT-113,Northeast,Spices,480,10,3936.0,4.99
DS-SPICCAT-113,South,Spices,240,5,1968.0,4.59
DS-SPICCAT-113,West,Spices,432,9,3542.0,4.73
DS-SPICCAT-130,Central,Spices,528,11,4330.0,4.87
DS-SPICCAT-130,East,Spices,960,20,7872.0,4.95
DS-SPICCAT-130,North,Spices,1680,35,13776.0,4.96
DS-SPICCAT-130,Northeast,Spices,1056,22,8659.0,4.87
DS-SPICCAT-130,South,Spices,144,3,1181.0,4.51
DS-SPICCAT-130,West,Spices,960,20,7872.0,4.9
DS-SPICCAT-133,Central,Spices,2448,51,200736.0,5.0
DS-SPICCAT-133,East,Spices,912,19,74784.0,4.85
DS-SPICCAT-133,North,Spices,9216,192,755712.0,5.0
DS-SPICCAT-133,Northeast,Spices,8736,182,716352.0,4.99
DS-SPICCAT-133,South,Spices,1920,40,157440.0,4.98
DS-SPICCAT-133,West,Spices,4848,101,397536.0,4.99
DS-SPICCAT-149,Central,Spices,624,13,25584.0,4.91
DS-SPICCAT-149,East,Spices,720,15,29520.0,4.79
DS-SPICCAT-149,North,Spices,240,5,9840.0,4.9
DS-SPICCAT-149,Northeast,Spices,528,11,21648.0,4.91
DS-SPICCAT-149,South,Spices,528,11,21648.0,4.71
DS-SPICCAT-149,West,Spices,240,5,9840.0,4.7
DS-SPICKEW-009,Central,Spices,288,6,1181.0,4.66
DS-SPICKEW-009,East,Spices,384,8,1574.0,4.86
DS-SPICKEW-009,North,Spices,960,20,3936.0,4.92
DS-SPICKEW-009,Northeast,Spices,1248,26,5117.0,5.0
DS-SPICKEW-009,South,Spices,336,7,1378.0,4.88
DS-SPICKEW-009,West,Spices,336,7,1378.0,4.57
DS-SPICKEW-042,Central,Spices,1152,24,4723.0,4.88
DS-SPICKEW-042,East,Spices,6048,126,24797.0,4.97
DS-SPICKEW-042,North,Spices,4944,103,20270.0,4.98
DS-SPICKEW-042,Northeast,Spices,6528,136,26765.0,4.98
DS-SPICKEW-042,South,Spices,4176,87,17122.0,4.98
DS-SPICKEW-042,West,Spices,3840,80,15744.0,4.98
DS-SPICKEW-043,Central,Spices,2544,53,20861.0,4.98
DS-SPICKEW-043,East,Spices,4944,103,40541.0,4.97
DS-SPICKEW-043,North,Spices,7056,147,57859.0,4.99
DS-SPICKEW-043,Northeast,Spices,6768,141,55498.0,4.98
DS-SPICKEW-043,South,Spices,1488,31,12202.0,4.96
DS-SPICKEW-043,West,Spices,1152,24,9446.0,4.99
DS-SPICKEW-059,Central,Spices,2688,56,110208.0,4.99
DS-SPICKEW-059,East,Spices,5424,113,222384.0,4.98
DS-SPICKEW-059,North,Spices,11040,230,452640.0,4.99
DS-SPICKEW-059,Northeast,Spices,6048,126,247968.0,4.97
DS-SPICKEW-059,South,Spices,1248,26,51168.0,4.88
DS-SPICKEW-059,West,Spices,2160,45,88560.0,4.98
DS-SPICKEW-077,Central,Spices,11808,246,484128.0,4.99
DS-SPICKEW-077,East,Spices,16368,341,671088.0,4.99
DS-SPICKEW-077,North,Spices,29952,624,1228032.0,4.99
DS-SPICKEW-077,Northeast,Spices,26736,557,1096176.0,5.0
DS-SPICKEW-077,South,Spices,2832,59,116112.0,5.0
DS-SPICKEW-077,West,Spices,5904,123,242064.0,4.98
DS-SPICKEW-094,Central,Spices,288,6,2362.0,4.64
DS-SPICKEW-094,East,Spices,192,4,1574.0,4.83
DS-SPICKEW-094,North,Spices,672,14,5510.0,4.92
DS-SPICKEW-094,Northeast,Spices,864,18,7085.0,4.99
DS-SPICKEW-094,South,Spices,336,7,2755.0,4.96
DS-SPICKEW-094,West,Spices,576,12,4723.0,4.84
DS-SPICKEW-095,Central,Spices,96,2,3936.0,4.6
DS-SPICKEW-095,East,Spices,0,0,0.0,5.76
DS-SPICKEW-095,North,Spices,480,10,19680.0,4.85
DS-SPICKEW-095,Northeast,Spices,672,14,27552.0,4.89
DS-SPICKEW-095,South,Spices,528,11,21648.0,4.92
DS-SPICKEW-095,West,Spices,384,8,15744.0,4.65
DS-SPICKEW-108,Central,Spices,816,17,6691.0,4.94
DS-SPICKEW-108,East,Spices,672,14,5510.0,5.0
DS-SPICKEW-108,North,Spices,1344,28,11021.0,4.95
DS-SPICKEW-108,Northeast,Spices,624,13,5117.0,4.88
DS-SPICKEW-108,South,Spices,240,5,1968.0,4.8
DS-SPICKEW-108,West,Spices,528,11,4330.0,4.77
DS-SPICKEW-112,Central,Spices,1584,33,64944.0,4.97
DS-SPICKEW-112,East,Spices,3744,78,153504.0,4.97
DS-SPICKEW-112,North,Spices,11280,235,462480.0,4.98
DS-SPICKEW-112,Northeast,Spices,6720,140,275520.0,5.0
DS-SPICKEW-112,South,Spices,6528,136,267648.0,4.97
DS-SPICKEW-112,West,Spices,4608,96,188928.0,4.99
DS-SPICKEW-114,Central,Spices,528,11,43296.0,4.75
DS-SPICKEW-114,East,Spices,1008,21,82656.0,4.97
DS-SPICKEW-114,North,Spices,1392,29,114144.0,4.91
DS-SPICKEW-114,Northeast,Spices,432,9,35424.0,4.74
DS-SPICKEW-114,South,Spices,336,7,27552.0,4.74
DS-SPICKEW-114,West,Spices,720,15,59040.0,4.97
DS-SPICKEW-137,Central,Spices,4896,102,200736.0,4.99
DS-SPICKEW-137,East,Spices,3888,81,159408.0,4.98
DS-SPICKEW-137,North,Spices,11856,247,486096.0,4.99
DS-SPICKEW-137,Northeast,Spices,6624,138,271584.0,4.98
DS-SPICKEW-137,South,Spices,2016,42,82656.0,4.95
DS-SPICKEW-137,West,Spices,6240,130,255840.0,4.98
DS-SPICKEW-148,Central,Spices,624,13,5117.0,5.0
DS-SPICKEW-148,East,Spices,528,11,4330.0,4.99
DS-SPICKEW-148,North,Spices,240,5,1968.0,4.56
DS-SPICKEW-148,Northeast,Spices,624,13,5117.0,4.85
DS-SPICKEW-148,South,Spices,480,10,3936.0,4.72
DS-SPICKEW-148,West,Spices,192,4,1574.0,4.48
