month,zone,category,target_qty,provenance
2024-01,Central,Beverages,56465,"synthetic plan: 2024=actual x U(0.92,1.12); 2025=2024 actual x (1+10-18% stretch)"
2024-01,Central,Confectionery,154144,"synthetic plan: 2024=actual x U(0.92,1.12); 2025=2024 actual x (1+10-18% stretch)"
2024-01,Central,Dairy,101458,"synthetic plan: 2024=actual x U(0.92,1.12); 2025=2024 actual x (1+10-18% stretch)"
2024-01,Central,MouthFreshener,135641,"synthetic plan: 2024=actual x U(0.92,1.12); 2025=2024 actual x (1+10-18% stretch)"
2024-01,Central,Snacks,49288,"synthetic plan: 2024=actual x U(0.92,1.12); 2025=2024 actual x (1+10-18% stretch)"
2024-01,Central,Spices,75160,"synthetic plan: 2024=actual x U(0.92,1.12); 2025=2024 actual x (1+10-18% stretch)"
2024-01,East,Beverages,87904,"synthetic plan: 2024=actual x U(0.92,1.12); 2025=2024 actual x (1+10-18% stretch)"
2024-01,East,Confectionery,195237,"synthetic plan: 2024=actual x U(0.92,1.12); 2025=2024 actual x (1+10-18% stretch)"
2024-01,East,Dairy,142295,"synthetic plan: 2024=actual x U(0.92,1.12); 2025=2024 actual x (1+10-18% stretch)"
2024-01,East,MouthFreshener,194107,"synthetic plan: 2024=actual x U(0.92,1.12); 2025=2024 actual x (1+10-18% stretch)"
2024-01,East,Snacks,81826,"synthetic plan: 2024=actual x U(0.92,1.12); 2025=2024 actual x (1+10-18% stretch)"
2024-01,East,Spices,118876,"synthetic plan: 2024=actual x U(0.92,1.12); 2025=2024 actual x (1+10-18% stretch)"
2024-01,North,Beverages,176196,"synthetic plan: 2024=actual x U(0.92,1.12); 2025=2024 actual x (1+10-18% stretch)"
2024-01,North,Confectionery,325531,"synthetic plan: 2024=actual x U(0.92,1.12); 2025=2024 actual x (1+10-18% stretch)"
2024-01,North,Dairy,235656,"synthetic plan: 2024=actual x U(0.92,1.12); 2025=2024 actual x (1+10-18% stretch)"
2024-01,North,MouthFreshener,273329,"synthetic plan: 2024=actual x U(0.92,1.12); 2025=2024 actual x (1+10-18% stretch)"
2024-01,North,Snacks,138818,"synthetic plan: 2024=actual x U(0.92,1.12); 2025=2024 actual x (1+10-18% stretch)"
2024-01,North,Spices,249105,"synthetic plan: 2024=actual x U(0.92,1.12); 2025=2024 actual x (1+10-18% stretch)"
2024-01,Northeast,Beverages,46755,"synthetic plan: 2024=actual x U(0.92,1.12); 2025=2024 actual x (1+10-18% stretch)"
2024-01,Northeast,Confectionery,117362,"synthetic plan: 2024=actual x U(0.92,1.12); 2025=2024 actual x (1+10-18% stretch)"
2024-01,Northeast,Dairy,65550,"synthetic plan: 2024=actual x U(0.92,1.12); 2025=2024 actual x (1+10-18% stretch)"
2024-01,Northeast,MouthFreshener,110911,"synthetic plan: 2024=actual x U(0.92,1.12); 2025=2024 actual x (1+10-18% stretch)"
2024-01,Northeast,Snacks,40472,"synthetic plan: 2024=actual x U(0.92,1.12); 2025=2024 actual x (1+10-18% stretch)"
2024-01,Northeast,Spices,67900,"synthetic plan: 2024=actual x U(0.92,1.12); 2025=2024 actual x (1+10-18% stretch)"
2024-01,South,Beverages,54454,"synthetic plan: 2024=actual x U(0.92,1.12); 2025=2024 actual x (1+10-18% stretch)"
2024-01,South,Confectionery,136626,"synthetic plan: 2024=actual x U(0.92,1.12); 2025=2024 actual x (1+10-18% stretch)"
2024-01,South,Dairy,105534,"synthetic plan: 2024=actual x U(0.92,1.12); 2025=2024 actual x (1+10-18% stretch)"
2024-01,South,MouthFreshener,138427,"synthetic plan: 2024=actual x U(0.92,1.12); 2025=2024 actual x (1+10-18% stretch)"
2024-01,South,Snacks,53947,"synthetic plan: 2024=actual x U(0.92,1.12); 2025=2024 actual x (1+10-18% stretch)"
2024-01,South,Spices,83721,"synthetic plan: 2024=actual x U(0.92,1.12); 2025=2024 actual x (1+10-18% stretch)"
2024-01,West,Beverages,81262,"synthetic plan: 2024=actual x U(0.92,1.12); 2025=2024 actual x (1+10-18% stretch)"
2024-01,West,Confectionery,168281,"synthetic plan: 2024=actual x U(0.92,1.12); 2025=2024 actual x (1+10-18% stretch)"
2024-01,West,Dairy,176767,"synthetic plan: 2024=actual x U(0.92,1.12); 2025=2024 actual x (1+10-18% stretch)"
2024-01,West,MouthFreshener,203473,"synthetic plan: 2024=actual x U(0.92,1.12); 2025=2024 actual x (1+10-18% stretch)"
2024-01,West,Snacks,106748,"synthetic plan: 2024=actual x U(0.92,1.12); 2025=2024 actual x (1+10-18% stretch)"
2024-01,West,Spices,106970,"synthetic plan: 2024=actual x U(0.92,1.12); 2025=2024 actual x (1+10-18% stretch)"
2024-02,Central,Beverages,43086,"synthetic plan: 2024=actual x U(0.92,1.12); 2025=2024 actual x (1+10-18% stretch)"
2024-02,Central,Confectionery,109329,"synthetic plan: 2024=actual x U(0.92,1.12); 2025=2024 actual x (1+10-18% stretch)"
2024-02,Central,Dairy,76765,"synthetic plan: 2024=actual x U(0.92,1.12); 2025=2024 actual x (1+10-18% stretch)"
2024-02,Central,MouthFreshener,100423,"synthetic plan: 2024=actual x U(0.92,1.12); 2025=2024 actual x (1+10-18% stretch)"
2024-02,Central,Snacks,41511,"synthetic plan: 2024=actual x U(0.92,1.12); 2025=2024 actual x (1+10-18% stretch)"
2024-02,Central,Spices,59812,"synthetic plan: 2024=actual x U(0.92,1.12); 2025=2024 actual x (1+10-18% stretch)"
2024-02,East,Beverages,71337,"synthetic plan: 2024=actual x U(0.92,1.12); 2025=2024 actual x (1+10-18% stretch)"
2024-02,East,Confectionery,146942,"synthetic plan: 2024=actual x U(0.92,1.12); 2025=2024 actual x (1+10-18% stretch)"
2024-02,East,Dairy,130977,"synthetic plan: 2024=actual x U(0.92,1.12); 2025=2024 actual x (1+10-18% stretch)"
2024-02,East,MouthFreshener,158427,"synthetic plan: 2024=actual x U(0.92,1.12); 2025=2024 actual x (1+10-18% stretch)"
2024-02,East,Snacks,62445,"synthetic plan: 2024=actual x U(0.92,1.12); 2025=2024 actual x (1+10-18% stretch)"
2024-02,East,Spices,88650,"synthetic plan: 2024=actual x U(0.92,1.12); 2025=2024 actual x (1+10-18% stretch)"
2024-02,North,Beverages,143413,"synthetic plan: 2024=actual x U(0.92,1.12); 2025=2024 actual x (1+10-18% stretch)"
2024-02,North,Confectionery,251274,"synthetic plan: 2024=actual x U(0.92,1.12); 2025=2024 actual x (1+10-18% stretch)"
2024-02,North,Dairy,195431,"synthetic plan: 2024=actual x U(0.92,1.12); 2025=2024 actual x (1+10-18% stretch)"
2024-02,North,MouthFreshener,213777,"synthetic plan: 2024=actual x U(0.92,1.12); 2025=2024 actual x (1+10-18% stretch)"
2024-02,North,Snacks,107062,"synthetic plan: 2024=actual x U(0.92,1.12); 2025=2024 actual x (1+10-18% stretch)"
2024-02,North,Spices,155373,"synthetic plan: 2024=actual x U(0.92,1.12); 2025=2024 actual x (1+10-18% stretch)"
2024-02,Northeast,Beverages,41473,"synthetic plan: 2024=actual x U(0.92,1.12); 2025=2024 actual x (1+10-18% stretch)"
2024-02,Northeast,Confectionery,89374,"synthetic plan: 2024=actual x U(0.92,1.12); 2025=2024 actual x (1+10-18% stretch)"
2024-02,Northeast,Dairy,45022,"synthetic plan: 2024=actual x U(0.92,1.12); 2025=2024 actual x (1+10-18% stretch)"
2024-02,Northeast,MouthFreshener,81244,"synthetic plan: 2024=actual x U(0.92,1.12); 2025=2024 actual x (1+10-18% stretch)"
2024-02,Northeast,Snacks,29115,"synthetic plan: 2024=actual x U(0.92,1.12); 2025=2024 actual x (1+10-18% stretch)"
2024-02,Northeast,Spices,42679,"synthetic plan: 2024=actual x U(0.92,1.12); 2025=2024 actual x (1+10-18% stretch)"
2024-02,South,Beverages,47410,"synthetic plan: 2024=actual x U(0.92,1.12); 2025=2024 actual x (1+10-18% stretch)"
2024-02,South,Confectionery,104013,"synthetic plan: 2024=actual x U(0.92,1.12); 2025=2024 actual x (1+10-18% stretch)"
2024-02,South,Dairy,87566,"synthetic plan: 2024=actual x U(0.92,1.12); 2025=2024 actual x (1+10-18% stretch)"
2024-02,South,MouthFreshener,100492,"synthetic plan: 2024=actual x U(0.92,1.12); 2025=2024 actual x (1+10-18% stretch)"
2024-02,South,Snacks,47125,"synthetic plan: 2024=actual x U(0.92,1.12); 2025=2024 actual x (1+10-18% stretch)"
2024-02,South,Spices,58299,"synthetic plan: 2024=actual x U(0.92,1.12); 2025=2024 actual x (1+10-18% stretch)"
2024-02,West,Beverages,70453,"synthetic plan: 2024=actual x U(0.92,1.12); 2025=2024 actual x (1+10-18% stretch)"
2024-02,West,Confectionery,125808,"synthetic plan: 2024=actual x U(0.92,1.12); 2025=2024 actual x (1+10-18% stretch)"
2024-02,West,Dairy,127896,"synthetic plan: 2024=actual x U(0.92,1.12); 2025=2024 actual x (1+10-18% stretch)"
2024-02,West,MouthFreshener,162116,"synthetic plan: 2024=actual x U(0.92,1.12); 2025=2024 actual x (1+10-18% stretch)"
2024-02,West,Snacks,74294,"synthetic plan: 2024=actual x U(0.92,1.12); 2025=2024 actual x (1+10-18% stretch)"
2024-02,West,Spices,85584,"synthetic plan: 2024=actual x U(0.92,1.12); 2025=2024 actual x (1+10-18% stretch)"
2024-03,Central,Beverages,69594,"synthetic plan: 2024=actual x U(0.92,1.12); 2025=2024 actual x (1+10-18% stretch)"
2024-03,Central,Confectionery,162549,"synthetic plan: 2024=actual x U(0.92,1.12); 2025=2024 actual x (1+10-18% stretch)"
2024-03,Central,Dairy,82825,"synthetic plan: 2024=actual x U(0.92,1.12); 2025=2024 actual x (1+10-18% stretch)"
2024-03,Central,MouthFreshener,102088,"synthetic plan: 2024=actual x U(0.92,1.12); 2025=2024 actual x (1+10-18% stretch)"
2024-03,Central,Snacks,44498,"synthetic plan: 2024=actual x U(0.92,1.12); 2025=2024 actual x (1+10-18% stretch)"
2024-03,Central,Spices,61888,"synthetic plan: 2024=actual x U(0.92,1.12); 2025=2024 actual x (1+10-18% stretch)"
2024-03,East,Beverages,97630,"synthetic plan: 2024=actual x U(0.92,1.12); 2025=2024 actual x (1+10-18% stretch)"
2024-03,East,Confectionery,188280,"synthetic plan: 2024=actual x U(0.92,1.12); 2025=2024 actual x (1+10-18% stretch)"
2024-03,East,Dairy,134180,"synthetic plan: 2024=actual x U(0.92,1.12); 2025=2024 actual x (1+10-18% stretch)"
2024-03,East,MouthFreshener,129143,"synthetic plan: 2024=actual x U(0.92,1.12); 2025=2024 actual x (1+10-18% stretch)"
2024-03,East,Snacks,64099,"synthetic plan: 2024=actual x U(0.92,1.12); 2025=2024 actual x (1+10-18% stretch)"
2024-03,East,Spices,94506,"synthetic plan: 2024=actual x U(0.92,1.12); 2025=2024 actual x (1+10-18% stretch)"
2024-03,North,Beverages,182257,"synthetic plan: 2024=actual x U(0.92,1.12); 2025=2024 actual x (1+10-18% stretch)"
2024-03,North,Confectionery,336961,"synthetic plan: 2024=actual x U(0.92,1.12); 2025=2024 actual x (1+10-18% stretch)"
2024-03,North,Dairy,216422,"synthetic plan: 2024=actual x U(0.92,1.12); 2025=2024 actual x (1+10-18% stretch)"
2024-03,North,MouthFreshener,199448,"synthetic plan: 2024=actual x U(0.92,1.12); 2025=2024 actual x (1+10-18% stretch)"
2024-03,North,Snacks,128720,"synthetic plan: 2024=actual x U(0.92,1.12); 2025=2024 actual x (1+10-18% stretch)"
2024-03,North,Spices,169568,"synthetic plan: 2024=actual x U(0.92,1.12); 2025=2024 actual x (1+10-18% stretch)"
2024-03,Northeast,Beverages,63763,"synthetic plan: 2024=actual x U(0.92,1.12); 2025=2024 actual x (1+10-18% stretch)"
2024-03,Northeast,Confectionery,100689,"synthetic plan: 2024=actual x U(0.92,1.12); 2025=2024 actual x (1+10-18% stretch)"
2024-03,Northeast,Dairy,50522,"synthetic plan: 2024=actual x U(0.92,1.12); 2025=2024 actual x (1+10-18% stretch)"
2024-03,Northeast,MouthFreshener,64022,"synthetic plan: 2024=actual x U(0.92,1.12); 2025=2024 actual x (1+10-18% stretch)"
2024-03,Northeast,Snacks,27730,"synthetic plan: 2024=actual x U(0.92,1.12); 2025=2024 actual x (1+10-18% stretch)"
2024-03,Northeast,Spices,44381,"synthetic plan: 2024=actual x U(0.92,1.12); 2025=2024 actual x (1+10-18% stretch)"
2024-03,South,Beverages,62124,"synthetic plan: 2024=actual x U(0.92,1.12); 2025=2024 actual x (1+10-18% stretch)"
2024-03,South,Confectionery,134399,"synthetic plan: 2024=actual x U(0.92,1.12); 2025=2024 actual x (1+10-18% stretch)"
2024-03,South,Dairy,99882,"synthetic plan: 2024=actual x U(0.92,1.12); 2025=2024 actual x (1+10-18% stretch)"
2024-03,South,MouthFreshener,103327,"synthetic plan: 2024=actual x U(0.92,1.12); 2025=2024 actual x (1+10-18% stretch)"
2024-03,South,Snacks,49523,"synthetic plan: 2024=actual x U(0.92,1.12); 2025=2024 actual x (1+10-18% stretch)"
2024-03,South,Spices,60369,"synthetic plan: 2024=actual x U(0.92,1.12); 2025=2024 actual x (1+10-18% stretch)"
2024-03,West,Beverages,81345,"synthetic plan: 2024=actual x U(0.92,1.12); 2025=2024 actual x (1+10-18% stretch)"
2024-03,West,Confectionery,189806,"synthetic plan: 2024=actual x U(0.92,1.12); 2025=2024 actual x (1+10-18% stretch)"
2024-03,West,Dairy,143517,"synthetic plan: 2024=actual x U(0.92,1.12); 2025=2024 actual x (1+10-18% stretch)"
2024-03,West,MouthFreshener,128794,"synthetic plan: 2024=actual x U(0.92,1.12); 2025=2024 actual x (1+10-18% stretch)"
2024-03,West,Snacks,80664,"synthetic plan: 2024=actual x U(0.92,1.12); 2025=2024 actual x (1+10-18% stretch)"
2024-03,West,Spices,88471,"synthetic plan: 2024=actual x U(0.92,1.12); 2025=2024 actual x (1+10-18% stretch)"
2024-04,Central,Beverages,116659,"synthetic plan: 2024=actual x U(0.92,1.12); 2025=2024 actual x (1+10-18% stretch)"
2024-04,Central,Confectionery,147885,"synthetic plan: 2024=actual x U(0.92,1.12); 2025=2024 actual x (1+10-18% stretch)"
2024-04,Central,Dairy,115874,"synthetic plan: 2024=actual x U(0.92,1.12); 2025=2024 actual x (1+10-18% stretch)"
2024-04,Central,MouthFreshener,102500,"synthetic plan: 2024=actual x U(0.92,1.12); 2025=2024 actual x (1+10-18% stretch)"
2024-04,Central,Snacks,51703,"synthetic plan: 2024=actual x U(0.92,1.12); 2025=2024 actual x (1+10-18% stretch)"
2024-04,Central,Spices,70754,"synthetic plan: 2024=actual x U(0.92,1.12); 2025=2024 actual x (1+10-18% stretch)"
2024-04,East,Beverages,164932,"synthetic plan: 2024=actual x U(0.92,1.12); 2025=2024 actual x (1+10-18% stretch)"
2024-04,East,Confectionery,179671,"synthetic plan: 2024=actual x U(0.92,1.12); 2025=2024 actual x (1+10-18% stretch)"
2024-04,East,Dairy,189396,"synthetic plan: 2024=actual x U(0.92,1.12); 2025=2024 actual x (1+10-18% stretch)"
2024-04,East,MouthFreshener,142960,"synthetic plan: 2024=actual x U(0.92,1.12); 2025=2024 actual x (1+10-18% stretch)"
2024-04,East,Snacks,83367,"synthetic plan: 2024=actual x U(0.92,1.12); 2025=2024 actual x (1+10-18% stretch)"
2024-04,East,Spices,109452,"synthetic plan: 2024=actual x U(0.92,1.12); 2025=2024 actual x (1+10-18% stretch)"
2024-04,North,Beverages,309430,"synthetic plan: 2024=actual x U(0.92,1.12); 2025=2024 actual x (1+10-18% stretch)"
2024-04,North,Confectionery,295606,"synthetic plan: 2024=actual x U(0.92,1.12); 2025=2024 actual x (1+10-18% stretch)"
2024-04,North,Dairy,291849,"synthetic plan: 2024=actual x U(0.92,1.12); 2025=2024 actual x (1+10-18% stretch)"
2024-04,North,MouthFreshener,206420,"synthetic plan: 2024=actual x U(0.92,1.12); 2025=2024 actual x (1+10-18% stretch)"
2024-04,North,Snacks,144468,"synthetic plan: 2024=actual x U(0.92,1.12); 2025=2024 actual x (1+10-18% stretch)"
2024-04,North,Spices,200220,"synthetic plan: 2024=actual x U(0.92,1.12); 2025=2024 actual x (1+10-18% stretch)"
2024-04,Northeast,Beverages,91057,"synthetic plan: 2024=actual x U(0.92,1.12); 2025=2024 actual x (1+10-18% stretch)"
2024-04,Northeast,Confectionery,97711,"synthetic plan: 2024=actual x U(0.92,1.12); 2025=2024 actual x (1+10-18% stretch)"
2024-04,Northeast,Dairy,66486,"synthetic plan: 2024=actual x U(0.92,1.12); 2025=2024 actual x (1+10-18% stretch)"
2024-04,Northeast,MouthFreshener,78411,"synthetic plan: 2024=actual x U(0.92,1.12); 2025=2024 actual x (1+10-18% stretch)"
2024-04,Northeast,Snacks,34517,"synthetic plan: 2024=actual x U(0.92,1.12); 2025=2024 actual x (1+10-18% stretch)"
2024-04,Northeast,Spices,51555,"synthetic plan: 2024=actual x U(0.92,1.12); 2025=2024 actual x (1+10-18% stretch)"
2024-04,South,Beverages,103217,"synthetic plan: 2024=actual x U(0.92,1.12); 2025=2024 actual x (1+10-18% stretch)"
2024-04,South,Confectionery,135301,"synthetic plan: 2024=actual x U(0.92,1.12); 2025=2024 actual x (1+10-18% stretch)"
2024-04,South,Dairy,111527,"synthetic plan: 2024=actual x U(0.92,1.12); 2025=2024 actual x (1+10-18% stretch)"
2024-04,South,MouthFreshener,110078,"synthetic plan: 2024=actual x U(0.92,1.12); 2025=2024 actual x (1+10-18% stretch)"
2024-04,South,Snacks,60803,"synthetic plan: 2024=actual x U(0.92,1.12); 2025=2024 actual x (1+10-18% stretch)"
2024-04,South,Spices,61980,"synthetic plan: 2024=actual x U(0.92,1.12); 2025=2024 actual x (1+10-18% stretch)"
2024-04,West,Beverages,138947,"synthetic plan: 2024=actual x U(0.92,1.12); 2025=2024 actual x (1+10-18% stretch)"
2024-04,West,Confectionery,155405,"synthetic plan: 2024=actual x U(0.92,1.12); 2025=2024 actual x (1+10-18% stretch)"
2024-04,West,Dairy,193811,"synthetic plan: 2024=actual x U(0.92,1.12); 2025=2024 actual x (1+10-18% stretch)"
2024-04,West,MouthFreshener,167731,"synthetic plan: 2024=actual x U(0.92,1.12); 2025=2024 actual x (1+10-18% stretch)"
2024-04,West,Snacks,94874,"synthetic plan: 2024=actual x U(0.92,1.12); 2025=2024 actual x (1+10-18% stretch)"
2024-04,West,Spices,98812,"synthetic plan: 2024=actual x U(0.92,1.12); 2025=2024 actual x (1+10-18% stretch)"
2024-05,Central,Beverages,92297,"synthetic plan: 2024=actual x U(0.92,1.12); 2025=2024 actual x (1+10-18% stretch)"
2024-05,Central,Confectionery,124625,"synthetic plan: 2024=actual x U(0.92,1.12); 2025=2024 actual x (1+10-18% stretch)"
2024-05,Central,Dairy,95590,"synthetic plan: 2024=actual x U(0.92,1.12); 2025=2024 actual x (1+10-18% stretch)"
2024-05,Central,MouthFreshener,81973,"synthetic plan: 2024=actual x U(0.92,1.12); 2025=2024 actual x (1+10-18% stretch)"
2024-05,Central,Snacks,45133,"synthetic plan: 2024=actual x U(0.92,1.12); 2025=2024 actual x (1+10-18% stretch)"
2024-05,Central,Spices,53164,"synthetic plan: 2024=actual x U(0.92,1.12); 2025=2024 actual x (1+10-18% stretch)"
2024-05,East,Beverages,124655,"synthetic plan: 2024=actual x U(0.92,1.12); 2025=2024 actual x (1+10-18% stretch)"
2024-05,East,Confectionery,136110,"synthetic plan: 2024=actual x U(0.92,1.12); 2025=2024 actual x (1+10-18% stretch)"
2024-05,East,Dairy,158253,"synthetic plan: 2024=actual x U(0.92,1.12); 2025=2024 actual x (1+10-18% stretch)"
2024-05,East,MouthFreshener,120827,"synthetic plan: 2024=actual x U(0.92,1.12); 2025=2024 actual x (1+10-18% stretch)"
2024-05,East,Snacks,67454,"synthetic plan: 2024=actual x U(0.92,1.12); 2025=2024 actual x (1+10-18% stretch)"
2024-05,East,Spices,80539,"synthetic plan: 2024=actual x U(0.92,1.12); 2025=2024 actual x (1+10-18% stretch)"
2024-05,North,Beverages,279015,"synthetic plan: 2024=actual x U(0.92,1.12); 2025=2024 actual x (1+10-18% stretch)"
2024-05,North,Confectionery,249481,"synthetic plan: 2024=actual x U(0.92,1.12); 2025=2024 actual x (1+10-18% stretch)"
2024-05,North,Dairy,250277,"synthetic plan: 2024=actual x U(0.92,1.12); 2025=2024 actual x (1+10-18% stretch)"
2024-05,North,MouthFreshener,189587,"synthetic plan: 2024=actual x U(0.92,1.12); 2025=2024 actual x (1+10-18% stretch)"
2024-05,North,Snacks,117522,"synthetic plan: 2024=actual x U(0.92,1.12); 2025=2024 actual x (1+10-18% stretch)"
2024-05,North,Spices,151004,"synthetic plan: 2024=actual x U(0.92,1.12); 2025=2024 actual x (1+10-18% stretch)"
2024-05,Northeast,Beverages,87866,"synthetic plan: 2024=actual x U(0.92,1.12); 2025=2024 actual x (1+10-18% stretch)"
2024-05,Northeast,Confectionery,80495,"synthetic plan: 2024=actual x U(0.92,1.12); 2025=2024 actual x (1+10-18% stretch)"
2024-05,Northeast,Dairy,56033,"synthetic plan: 2024=actual x U(0.92,1.12); 2025=2024 actual x (1+10-18% stretch)"
2024-05,Northeast,MouthFreshener,69742,"synthetic plan: 2024=actual x U(0.92,1.12); 2025=2024 actual x (1+10-18% stretch)"
2024-05,Northeast,Snacks,30519,"synthetic plan: 2024=actual x U(0.92,1.12); 2025=2024 actual x (1+10-18% stretch)"
2024-05,Northeast,Spices,40246,"synthetic plan: 2024=actual x U(0.92,1.12); 2025=2024 actual x (1+10-18% stretch)"
2024-05,South,Beverages,81286,"synthetic plan: 2024=actual x U(0.92,1.12); 2025=2024 actual x (1+10-18% stretch)"
2024-05,South,Confectionery,99241,"synthetic plan: 2024=actual x U(0.92,1.12); 2025=2024 actual x (1+10-18% stretch)"
2024-05,South,Dairy,94685,"synthetic plan: 2024=actual x U(0.92,1.12); 2025=2024 actual x (1+10-18% stretch)"
2024-05,South,MouthFreshener,79756,"synthetic plan: 2024=actual x U(0.92,1.12); 2025=2024 actual x (1+10-18% stretch)"
2024-05,South,Snacks,42101,"synthetic plan: 2024=actual x U(0.92,1.12); 2025=2024 actual x (1+10-18% stretch)"
2024-05,South,Spices,63699,"synthetic plan: 2024=actual x U(0.92,1.12); 2025=2024 actual x (1+10-18% stretch)"
2024-05,West,Beverages,128528,"synthetic plan: 2024=actual x U(0.92,1.12); 2025=2024 actual x (1+10-18% stretch)"
2024-05,West,Confectionery,138838,"synthetic plan: 2024=actual x U(0.92,1.12); 2025=2024 actual x (1+10-18% stretch)"
2024-05,West,Dairy,173940,"synthetic plan: 2024=actual x U(0.92,1.12); 2025=2024 actual x (1+10-18% stretch)"
2024-05,West,MouthFreshener,120824,"synthetic plan: 2024=actual x U(0.92,1.12); 2025=2024 actual x (1+10-18% stretch)"
2024-05,West,Snacks,74772,"synthetic plan: 2024=actual x U(0.92,1.12); 2025=2024 actual x (1+10-18% stretch)"
2024-05,West,Spices,77509,"synthetic plan: 2024=actual x U(0.92,1.12); 2025=2024 actual x (1+10-18% stretch)"
2024-06,Central,Beverages,85575,"synthetic plan: 2024=actual x U(0.92,1.12); 2025=2024 actual x (1+10-18% stretch)"
2024-06,Central,Confectionery,161579,"synthetic plan: 2024=actual x U(0.92,1.12); 2025=2024 actual x (1+10-18% stretch)"
2024-06,Central,Dairy,84962,"synthetic plan: 2024=actual x U(0.92,1.12); 2025=2024 actual x (1+10-18% stretch)"
2024-06,Central,MouthFreshener,84743,"synthetic plan: 2024=actual x U(0.92,1.12); 2025=2024 actual x (1+10-18% stretch)"
2024-06,Central,Snacks,45526,"synthetic plan: 2024=actual x U(0.92,1.12); 2025=2024 actual x (1+10-18% stretch)"
2024-06,Central,Spices,53608,"synthetic plan: 2024=actual x U(0.92,1.12); 2025=2024 actual x (1+10-18% stretch)"
2024-06,East,Beverages,125104,"synthetic plan: 2024=actual x U(0.92,1.12); 2025=2024 actual x (1+10-18% stretch)"
2024-06,East,Confectionery,151242,"synthetic plan: 2024=actual x U(0.92,1.12); 2025=2024 actual x (1+10-18% stretch)"
2024-06,East,Dairy,135701,"synthetic plan: 2024=actual x U(0.92,1.12); 2025=2024 actual x (1+10-18% stretch)"
2024-06,East,MouthFreshener,116371,"synthetic plan: 2024=actual x U(0.92,1.12); 2025=2024 actual x (1+10-18% stretch)"
2024-06,East,Snacks,67543,"synthetic plan: 2024=actual x U(0.92,1.12); 2025=2024 actual x (1+10-18% stretch)"
2024-06,East,Spices,93112,"synthetic plan: 2024=actual x U(0.92,1.12); 2025=2024 actual x (1+10-18% stretch)"
2024-06,North,Beverages,290065,"synthetic plan: 2024=actual x U(0.92,1.12); 2025=2024 actual x (1+10-18% stretch)"
2024-06,North,Confectionery,303759,"synthetic plan: 2024=actual x U(0.92,1.12); 2025=2024 actual x (1+10-18% stretch)"
2024-06,North,Dairy,220920,"synthetic plan: 2024=actual x U(0.92,1.12); 2025=2024 actual x (1+10-18% stretch)"
2024-06,North,MouthFreshener,161799,"synthetic plan: 2024=actual x U(0.92,1.12); 2025=2024 actual x (1+10-18% stretch)"
2024-06,North,Snacks,139571,"synthetic plan: 2024=actual x U(0.92,1.12); 2025=2024 actual x (1+10-18% stretch)"
2024-06,North,Spices,165971,"synthetic plan: 2024=actual x U(0.92,1.12); 2025=2024 actual x (1+10-18% stretch)"
2024-06,Northeast,Beverages,90907,"synthetic plan: 2024=actual x U(0.92,1.12); 2025=2024 actual x (1+10-18% stretch)"
2024-06,Northeast,Confectionery,105330,"synthetic plan: 2024=actual x U(0.92,1.12); 2025=2024 actual x (1+10-18% stretch)"
2024-06,Northeast,Dairy,56143,"synthetic plan: 2024=actual x U(0.92,1.12); 2025=2024 actual x (1+10-18% stretch)"
2024-06,Northeast,MouthFreshener,54988,"synthetic plan: 2024=actual x U(0.92,1.12); 2025=2024 actual x (1+10-18% stretch)"
2024-06,Northeast,Snacks,30817,"synthetic plan: 2024=actual x U(0.92,1.12); 2025=2024 actual x (1+10-18% stretch)"
2024-06,Northeast,Spices,47222,"synthetic plan: 2024=actual x U(0.92,1.12); 2025=2024 actual x (1+10-18% stretch)"
2024-06,South,Beverages,84973,"synthetic plan: 2024=actual x U(0.92,1.12); 2025=2024 actual x (1+10-18% stretch)"
2024-06,South,Confectionery,117540,"synthetic plan: 2024=actual x U(0.92,1.12); 2025=2024 actual x (1+10-18% stretch)"
2024-06,South,Dairy,96063,"synthetic plan: 2024=actual x U(0.92,1.12); 2025=2024 actual x (1+10-18% stretch)"
2024-06,South,MouthFreshener,66703,"synthetic plan: 2024=actual x U(0.92,1.12); 2025=2024 actual x (1+10-18% stretch)"
2024-06,South,Snacks,52946,"synthetic plan: 2024=actual x U(0.92,1.12); 2025=2024 actual x (1+10-18% stretch)"
2024-06,South,Spices,57896,"synthetic plan: 2024=actual x U(0.92,1.12); 2025=2024 actual x (1+10-18% stretch)"
2024-06,West,Beverages,114458,"synthetic plan: 2024=actual x U(0.92,1.12); 2025=2024 actual x (1+10-18% stretch)"
2024-06,West,Confectionery,160063,"synthetic plan: 2024=actual x U(0.92,1.12); 2025=2024 actual x (1+10-18% stretch)"
2024-06,West,Dairy,174386,"synthetic plan: 2024=actual x U(0.92,1.12); 2025=2024 actual x (1+10-18% stretch)"
2024-06,West,MouthFreshener,108083,"synthetic plan: 2024=actual x U(0.92,1.12); 2025=2024 actual x (1+10-18% stretch)"
2024-06,West,Snacks,85075,"synthetic plan: 2024=actual x U(0.92,1.12); 2025=2024 actual x (1+10-18% stretch)"
2024-06,West,Spices,73345,"synthetic plan: 2024=actual x U(0.92,1.12); 2025=2024 actual x (1+10-18% stretch)"
2024-07,Central,Beverages,63219,"synthetic plan: 2024=actual x U(0.92,1.12); 2025=2024 actual x (1+10-18% stretch)"
2024-07,Central,Confectionery,190685,"synthetic plan: 2024=actual x U(0.92,1.12); 2025=2024 actual x (1+10-18% stretch)"
2024-07,Central,Dairy,97547,"synthetic plan: 2024=actual x U(0.92,1.12); 2025=2024 actual x (1+10-18% stretch)"
2024-07,Central,MouthFreshener,97005,"synthetic plan: 2024=actual x U(0.92,1.12); 2025=2024 actual x (1+10-18% stretch)"
2024-07,Central,Snacks,64738,"synthetic plan: 2024=actual x U(0.92,1.12); 2025=2024 actual x (1+10-18% stretch)"
2024-07,Central,Spices,70744,"synthetic plan: 2024=actual x U(0.92,1.12); 2025=2024 actual x (1+10-18% stretch)"
2024-07,East,Beverages,98264,"synthetic plan: 2024=actual x U(0.92,1.12); 2025=2024 actual x (1+10-18% stretch)"
2024-07,East,Confectionery,218909,"synthetic plan: 2024=actual x U(0.92,1.12); 2025=2024 actual x (1+10-18% stretch)"
2024-07,East,Dairy,147706,"synthetic plan: 2024=actual x U(0.92,1.12); 2025=2024 actual x (1+10-18% stretch)"
2024-07,East,MouthFreshener,125272,"synthetic plan: 2024=actual x U(0.92,1.12); 2025=2024 actual x (1+10-18% stretch)"
2024-07,East,Snacks,99752,"synthetic plan: 2024=actual x U(0.92,1.12); 2025=2024 actual x (1+10-18% stretch)"
2024-07,East,Spices,98357,"synthetic plan: 2024=actual x U(0.92,1.12); 2025=2024 actual x (1+10-18% stretch)"
2024-07,North,Beverages,189282,"synthetic plan: 2024=actual x U(0.92,1.12); 2025=2024 actual x (1+10-18% stretch)"
2024-07,North,Confectionery,420768,"synthetic plan: 2024=actual x U(0.92,1.12); 2025=2024 actual x (1+10-18% stretch)"
2024-07,North,Dairy,247778,"synthetic plan: 2024=actual x U(0.92,1.12); 2025=2024 actual x (1+10-18% stretch)"
2024-07,North,MouthFreshener,177579,"synthetic plan: 2024=actual x U(0.92,1.12); 2025=2024 actual x (1+10-18% stretch)"
2024-07,North,Snacks,173886,"synthetic plan: 2024=actual x U(0.92,1.12); 2025=2024 actual x (1+10-18% stretch)"
2024-07,North,Spices,189954,"synthetic plan: 2024=actual x U(0.92,1.12); 2025=2024 actual x (1+10-18% stretch)"
2024-07,Northeast,Beverages,61220,"synthetic plan: 2024=actual x U(0.92,1.12); 2025=2024 actual x (1+10-18% stretch)"
2024-07,Northeast,Confectionery,117458,"synthetic plan: 2024=actual x U(0.92,1.12); 2025=2024 actual x (1+10-18% stretch)"
2024-07,Northeast,Dairy,57729,"synthetic plan: 2024=actual x U(0.92,1.12); 2025=2024 actual x (1+10-18% stretch)"
2024-07,Northeast,MouthFreshener,69103,"synthetic plan: 2024=actual x U(0.92,1.12); 2025=2024 actual x (1+10-18% stretch)"
2024-07,Northeast,Snacks,43817,"synthetic plan: 2024=actual x U(0.92,1.12); 2025=2024 actual x (1+10-18% stretch)"
2024-07,Northeast,Spices,55302,"synthetic plan: 2024=actual x U(0.92,1.12); 2025=2024 actual x (1+10-18% stretch)"
2024-07,South,Beverages,58405,"synthetic plan: 2024=actual x U(0.92,1.12); 2025=2024 actual x (1+10-18% stretch)"
2024-07,South,Confectionery,160927,"synthetic plan: 2024=actual x U(0.92,1.12); 2025=2024 actual x (1+10-18% stretch)"
2024-07,South,Dairy,107151,"synthetic plan: 2024=actual x U(0.92,1.12); 2025=2024 actual x (1+10-18% stretch)"
2024-07,South,MouthFreshener,79584,"synthetic plan: 2024=actual x U(0.92,1.12); 2025=2024 actual x (1+10-18% stretch)"
2024-07,South,Snacks,63215,"synthetic plan: 2024=actual x U(0.92,1.12); 2025=2024 actual x (1+10-18% stretch)"
2024-07,South,Spices,63634,"synthetic plan: 2024=actual x U(0.92,1.12); 2025=2024 actual x (1+10-18% stretch)"
2024-07,West,Beverages,90107,"synthetic plan: 2024=actual x U(0.92,1.12); 2025=2024 actual x (1+10-18% stretch)"
2024-07,West,Confectionery,200493,"synthetic plan: 2024=actual x U(0.92,1.12); 2025=2024 actual x (1+10-18% stretch)"
2024-07,West,Dairy,165535,"synthetic plan: 2024=actual x U(0.92,1.12); 2025=2024 actual x (1+10-18% stretch)"
2024-07,West,MouthFreshener,129921,"synthetic plan: 2024=actual x U(0.92,1.12); 2025=2024 actual x (1+10-18% stretch)"
2024-07,West,Snacks,101723,"synthetic plan: 2024=actual x U(0.92,1.12); 2025=2024 actual x (1+10-18% stretch)"
2024-07,West,Spices,87338,"synthetic plan: 2024=actual x U(0.92,1.12); 2025=2024 actual x (1+10-18% stretch)"
2024-08,Central,Beverages,49822,"synthetic plan: 2024=actual x U(0.92,1.12); 2025=2024 actual x (1+10-18% stretch)"
2024-08,Central,Confectionery,199691,"synthetic plan: 2024=actual x U(0.92,1.12); 2025=2024 actual x (1+10-18% stretch)"
2024-08,Central,Dairy,87673,"synthetic plan: 2024=actual x U(0.92,1.12); 2025=2024 actual x (1+10-18% stretch)"
2024-08,Central,MouthFreshener,77965,"synthetic plan: 2024=actual x U(0.92,1.12); 2025=2024 actual x (1+10-18% stretch)"
2024-08,Central,Snacks,46244,"synthetic plan: 2024=actual x U(0.92,1.12); 2025=2024 actual x (1+10-18% stretch)"
2024-08,Central,Spices,58712,"synthetic plan: 2024=actual x U(0.92,1.12); 2025=2024 actual x (1+10-18% stretch)"
2024-08,East,Beverages,75914,"synthetic plan: 2024=actual x U(0.92,1.12); 2025=2024 actual x (1+10-18% stretch)"
2024-08,East,Confectionery,178128,"synthetic plan: 2024=actual x U(0.92,1.12); 2025=2024 actual x (1+10-18% stretch)"
2024-08,East,Dairy,120112,"synthetic plan: 2024=actual x U(0.92,1.12); 2025=2024 actual x (1+10-18% stretch)"
2024-08,East,MouthFreshener,125636,"synthetic plan: 2024=actual x U(0.92,1.12); 2025=2024 actual x (1+10-18% stretch)"
2024-08,East,Snacks,69430,"synthetic plan: 2024=actual x U(0.92,1.12); 2025=2024 actual x (1+10-18% stretch)"
2024-08,East,Spices,96812,"synthetic plan: 2024=actual x U(0.92,1.12); 2025=2024 actual x (1+10-18% stretch)"
2024-08,North,Beverages,154588,"synthetic plan: 2024=actual x U(0.92,1.12); 2025=2024 actual x (1+10-18% stretch)"
2024-08,North,Confectionery,360310,"synthetic plan: 2024=actual x U(0.92,1.12); 2025=2024 actual x (1+10-18% stretch)"
2024-08,North,Dairy,193131,"synthetic plan: 2024=actual x U(0.92,1.12); 2025=2024 actual x (1+10-18% stretch)"
2024-08,North,MouthFreshener,164065,"synthetic plan: 2024=actual x U(0.92,1.12); 2025=2024 actual x (1+10-18% stretch)"
2024-08,North,Snacks,140815,"synthetic plan: 2024=actual x U(0.92,1.12); 2025=2024 actual x (1+10-18% stretch)"
2024-08,North,Spices,186650,"synthetic plan: 2024=actual x U(0.92,1.12); 2025=2024 actual x (1+10-18% stretch)"
2024-08,Northeast,Beverages,45162,"synthetic plan: 2024=actual x U(0.92,1.12); 2025=2024 actual x (1+10-18% stretch)"
2024-08,Northeast,Confectionery,126889,"synthetic plan: 2024=actual x U(0.92,1.12); 2025=2024 actual x (1+10-18% stretch)"
2024-08,Northeast,Dairy,48839,"synthetic plan: 2024=actual x U(0.92,1.12); 2025=2024 actual x (1+10-18% stretch)"
2024-08,Northeast,MouthFreshener,54122,"synthetic plan: 2024=actual x U(0.92,1.12); 2025=2024 actual x (1+10-18% stretch)"
2024-08,Northeast,Snacks,35983,"synthetic plan: 2024=actual x U(0.92,1.12); 2025=2024 actual x (1+10-18% stretch)"
2024-08,Northeast,Spices,44259,"synthetic plan: 2024=actual x U(0.92,1.12); 2025=2024 actual x (1+10-18% stretch)"
2024-08,South,Beverages,51488,"synthetic plan: 2024=actual x U(0.92,1.12); 2025=2024 actual x (1+10-18% stretch)"
2024-08,South,Confectionery,145026,"synthetic plan: 2024=actual x U(0.92,1.12); 2025=2024 actual x (1+10-18% stretch)"
2024-08,South,Dairy,80939,"synthetic plan: 2024=actual x U(0.92,1.12); 2025=2024 actual x (1+10-18% stretch)"
2024-08,South,MouthFreshener,83614,"synthetic plan: 2024=actual x U(0.92,1.12); 2025=2024 actual x (1+10-18% stretch)"
2024-08,South,Snacks,50775,"synthetic plan: 2024=actual x U(0.92,1.12); 2025=2024 actual x (1+10-18% stretch)"
2024-08,South,Spices,57999,"synthetic plan: 2024=actual x U(0.92,1.12); 2025=2024 actual x (1+10-18% stretch)"
2024-08,West,Beverages,71571,"synthetic plan: 2024=actual x U(0.92,1.12); 2025=2024 actual x (1+10-18% stretch)"
2024-08,West,Confectionery,218983,"synthetic plan: 2024=actual x U(0.92,1.12); 2025=2024 actual x (1+10-18% stretch)"
2024-08,West,Dairy,153192,"synthetic plan: 2024=actual x U(0.92,1.12); 2025=2024 actual x (1+10-18% stretch)"
2024-08,West,MouthFreshener,133984,"synthetic plan: 2024=actual x U(0.92,1.12); 2025=2024 actual x (1+10-18% stretch)"
2024-08,West,Snacks,93953,"synthetic plan: 2024=actual x U(0.92,1.12); 2025=2024 actual x (1+10-18% stretch)"
2024-08,West,Spices,80589,"synthetic plan: 2024=actual x U(0.92,1.12); 2025=2024 actual x (1+10-18% stretch)"
2024-09,Central,Beverages,76314,"synthetic plan: 2024=actual x U(0.92,1.12); 2025=2024 actual x (1+10-18% stretch)"
2024-09,Central,Confectionery,185960,"synthetic plan: 2024=actual x U(0.92,1.12); 2025=2024 actual x (1+10-18% stretch)"
2024-09,Central,Dairy,108957,"synthetic plan: 2024=actual x U(0.92,1.12); 2025=2024 actual x (1+10-18% stretch)"
2024-09,Central,MouthFreshener,128983,"synthetic plan: 2024=actual x U(0.92,1.12); 2025=2024 actual x (1+10-18% stretch)"
2024-09,Central,Snacks,61334,"synthetic plan: 2024=actual x U(0.92,1.12); 2025=2024 actual x (1+10-18% stretch)"
2024-09,Central,Spices,87117,"synthetic plan: 2024=actual x U(0.92,1.12); 2025=2024 actual x (1+10-18% stretch)"
2024-09,East,Beverages,93095,"synthetic plan: 2024=actual x U(0.92,1.12); 2025=2024 actual x (1+10-18% stretch)"
2024-09,East,Confectionery,203244,"synthetic plan: 2024=actual x U(0.92,1.12); 2025=2024 actual x (1+10-18% stretch)"
2024-09,East,Dairy,162744,"synthetic plan: 2024=actual x U(0.92,1.12); 2025=2024 actual x (1+10-18% stretch)"
2024-09,East,MouthFreshener,172570,"synthetic plan: 2024=actual x U(0.92,1.12); 2025=2024 actual x (1+10-18% stretch)"
2024-09,East,Snacks,90266,"synthetic plan: 2024=actual x U(0.92,1.12); 2025=2024 actual x (1+10-18% stretch)"
2024-09,East,Spices,120126,"synthetic plan: 2024=actual x U(0.92,1.12); 2025=2024 actual x (1+10-18% stretch)"
2024-09,North,Beverages,232269,"synthetic plan: 2024=actual x U(0.92,1.12); 2025=2024 actual x (1+10-18% stretch)"
2024-09,North,Confectionery,399539,"synthetic plan: 2024=actual x U(0.92,1.12); 2025=2024 actual x (1+10-18% stretch)"
2024-09,North,Dairy,295710,"synthetic plan: 2024=actual x U(0.92,1.12); 2025=2024 actual x (1+10-18% stretch)"
2024-09,North,MouthFreshener,244161,"synthetic plan: 2024=actual x U(0.92,1.12); 2025=2024 actual x (1+10-18% stretch)"
2024-09,North,Snacks,173017,"synthetic plan: 2024=actual x U(0.92,1.12); 2025=2024 actual x (1+10-18% stretch)"
2024-09,North,Spices,245556,"synthetic plan: 2024=actual x U(0.92,1.12); 2025=2024 actual x (1+10-18% stretch)"
2024-09,Northeast,Beverages,73046,"synthetic plan: 2024=actual x U(0.92,1.12); 2025=2024 actual x (1+10-18% stretch)"
2024-09,Northeast,Confectionery,105608,"synthetic plan: 2024=actual x U(0.92,1.12); 2025=2024 actual x (1+10-18% stretch)"
2024-09,Northeast,Dairy,65048,"synthetic plan: 2024=actual x U(0.92,1.12); 2025=2024 actual x (1+10-18% stretch)"
2024-09,Northeast,MouthFreshener,87476,"synthetic plan: 2024=actual x U(0.92,1.12); 2025=2024 actual x (1+10-18% stretch)"
2024-09,Northeast,Snacks,36270,"synthetic plan: 2024=actual x U(0.92,1.12); 2025=2024 actual x (1+10-18% stretch)"
2024-09,Northeast,Spices,60574,"synthetic plan: 2024=actual x U(0.92,1.12); 2025=2024 actual x (1+10-18% stretch)"
2024-09,South,Beverages,73375,"synthetic plan: 2024=actual x U(0.92,1.12); 2025=2024 actual x (1+10-18% stretch)"
2024-09,South,Confectionery,148014,"synthetic plan: 2024=actual x U(0.92,1.12); 2025=2024 actual x (1+10-18% stretch)"
2024-09,South,Dairy,119022,"synthetic plan: 2024=actual x U(0.92,1.12); 2025=2024 actual x (1+10-18% stretch)"
2024-09,South,MouthFreshener,119699,"synthetic plan: 2024=actual x U(0.92,1.12); 2025=2024 actual x (1+10-18% stretch)"
2024-09,South,Snacks,65969,"synthetic plan: 2024=actual x U(0.92,1.12); 2025=2024 actual x (1+10-18% stretch)"
2024-09,South,Spices,85062,"synthetic plan: 2024=actual x U(0.92,1.12); 2025=2024 actual x (1+10-18% stretch)"
2024-09,West,Beverages,99222,"synthetic plan: 2024=actual x U(0.92,1.12); 2025=2024 actual x (1+10-18% stretch)"
2024-09,West,Confectionery,212994,"synthetic plan: 2024=actual x U(0.92,1.12); 2025=2024 actual x (1+10-18% stretch)"
2024-09,West,Dairy,174795,"synthetic plan: 2024=actual x U(0.92,1.12); 2025=2024 actual x (1+10-18% stretch)"
2024-09,West,MouthFreshener,182615,"synthetic plan: 2024=actual x U(0.92,1.12); 2025=2024 actual x (1+10-18% stretch)"
2024-09,West,Snacks,115245,"synthetic plan: 2024=actual x U(0.92,1.12); 2025=2024 actual x (1+10-18% stretch)"
2024-09,West,Spices,118763,"synthetic plan: 2024=actual x U(0.92,1.12); 2025=2024 actual x (1+10-18% stretch)"
2024-10,Central,Beverages,66834,"synthetic plan: 2024=actual x U(0.92,1.12); 2025=2024 actual x (1+10-18% stretch)"
2024-10,Central,Confectionery,162128,"synthetic plan: 2024=actual x U(0.92,1.12); 2025=2024 actual x (1+10-18% stretch)"
2024-10,Central,Dairy,87693,"synthetic plan: 2024=actual x U(0.92,1.12); 2025=2024 actual x (1+10-18% stretch)"
2024-10,Central,MouthFreshener,114365,"synthetic plan: 2024=actual x U(0.92,1.12); 2025=2024 actual x (1+10-18% stretch)"
2024-10,Central,Snacks,50449,"synthetic plan: 2024=actual x U(0.92,1.12); 2025=2024 actual x (1+10-18% stretch)"
2024-10,Central,Spices,77016,"synthetic plan: 2024=actual x U(0.92,1.12); 2025=2024 actual x (1+10-18% stretch)"
2024-10,East,Beverages,92757,"synthetic plan: 2024=actual x U(0.92,1.12); 2025=2024 actual x (1+10-18% stretch)"
2024-10,East,Confectionery,176372,"synthetic plan: 2024=actual x U(0.92,1.12); 2025=2024 actual x (1+10-18% stretch)"
2024-10,East,Dairy,139932,"synthetic plan: 2024=actual x U(0.92,1.12); 2025=2024 actual x (1+10-18% stretch)"
2024-10,East,MouthFreshener,171781,"synthetic plan: 2024=actual x U(0.92,1.12); 2025=2024 actual x (1+10-18% stretch)"
2024-10,East,Snacks,92720,"synthetic plan: 2024=actual x U(0.92,1.12); 2025=2024 actual x (1+10-18% stretch)"
2024-10,East,Spices,118187,"synthetic plan: 2024=actual x U(0.92,1.12); 2025=2024 actual x (1+10-18% stretch)"
2024-10,North,Beverages,199782,"synthetic plan: 2024=actual x U(0.92,1.12); 2025=2024 actual x (1+10-18% stretch)"
2024-10,North,Confectionery,372932,"synthetic plan: 2024=actual x U(0.92,1.12); 2025=2024 actual x (1+10-18% stretch)"
2024-10,North,Dairy,240128,"synthetic plan: 2024=actual x U(0.92,1.12); 2025=2024 actual x (1+10-18% stretch)"
2024-10,North,MouthFreshener,215170,"synthetic plan: 2024=actual x U(0.92,1.12); 2025=2024 actual x (1+10-18% stretch)"
2024-10,North,Snacks,143367,"synthetic plan: 2024=actual x U(0.92,1.12); 2025=2024 actual x (1+10-18% stretch)"
2024-10,North,Spices,220074,"synthetic plan: 2024=actual x U(0.92,1.12); 2025=2024 actual x (1+10-18% stretch)"
2024-10,Northeast,Beverages,154292,"synthetic plan: 2024=actual x U(0.92,1.12); 2025=2024 actual x (1+10-18% stretch)"
2024-10,Northeast,Confectionery,310330,"synthetic plan: 2024=actual x U(0.92,1.12); 2025=2024 actual x (1+10-18% stretch)"
2024-10,Northeast,Dairy,170563,"synthetic plan: 2024=actual x U(0.92,1.12); 2025=2024 actual x (1+10-18% stretch)"
2024-10,Northeast,MouthFreshener,219952,"synthetic plan: 2024=actual x U(0.92,1.12); 2025=2024 actual x (1+10-18% stretch)"
2024-10,Northeast,Snacks,103938,"synthetic plan: 2024=actual x U(0.92,1.12); 2025=2024 actual x (1+10-18% stretch)"
2024-10,Northeast,Spices,171263,"synthetic plan: 2024=actual x U(0.92,1.12); 2025=2024 actual x (1+10-18% stretch)"
2024-10,South,Beverages,54043,"synthetic plan: 2024=actual x U(0.92,1.12); 2025=2024 actual x (1+10-18% stretch)"
2024-10,South,Confectionery,144035,"synthetic plan: 2024=actual x U(0.92,1.12); 2025=2024 actual x (1+10-18% stretch)"
2024-10,South,Dairy,99581,"synthetic plan: 2024=actual x U(0.92,1.12); 2025=2024 actual x (1+10-18% stretch)"
2024-10,South,MouthFreshener,98335,"synthetic plan: 2024=actual x U(0.92,1.12); 2025=2024 actual x (1+10-18% stretch)"
2024-10,South,Snacks,58022,"synthetic plan: 2024=actual x U(0.92,1.12); 2025=2024 actual x (1+10-18% stretch)"
2024-10,South,Spices,79329,"synthetic plan: 2024=actual x U(0.92,1.12); 2025=2024 actual x (1+10-18% stretch)"
2024-10,West,Beverages,90588,"synthetic plan: 2024=actual x U(0.92,1.12); 2025=2024 actual x (1+10-18% stretch)"
2024-10,West,Confectionery,192276,"synthetic plan: 2024=actual x U(0.92,1.12); 2025=2024 actual x (1+10-18% stretch)"
2024-10,West,Dairy,148428,"synthetic plan: 2024=actual x U(0.92,1.12); 2025=2024 actual x (1+10-18% stretch)"
2024-10,West,MouthFreshener,181237,"synthetic plan: 2024=actual x U(0.92,1.12); 2025=2024 actual x (1+10-18% stretch)"
2024-10,West,Snacks,90403,"synthetic plan: 2024=actual x U(0.92,1.12); 2025=2024 actual x (1+10-18% stretch)"
2024-10,West,Spices,112263,"synthetic plan: 2024=actual x U(0.92,1.12); 2025=2024 actual x (1+10-18% stretch)"
2024-11,Central,Beverages,46066,"synthetic plan: 2024=actual x U(0.92,1.12); 2025=2024 actual x (1+10-18% stretch)"
2024-11,Central,Confectionery,193050,"synthetic plan: 2024=actual x U(0.92,1.12); 2025=2024 actual x (1+10-18% stretch)"
2024-11,Central,Dairy,93235,"synthetic plan: 2024=actual x U(0.92,1.12); 2025=2024 actual x (1+10-18% stretch)"
2024-11,Central,MouthFreshener,131035,"synthetic plan: 2024=actual x U(0.92,1.12); 2025=2024 actual x (1+10-18% stretch)"
2024-11,Central,Snacks,49776,"synthetic plan: 2024=actual x U(0.92,1.12); 2025=2024 actual x (1+10-18% stretch)"
2024-11,Central,Spices,77708,"synthetic plan: 2024=actual x U(0.92,1.12); 2025=2024 actual x (1+10-18% stretch)"
2024-11,East,Beverages,70922,"synthetic plan: 2024=actual x U(0.92,1.12); 2025=2024 actual x (1+10-18% stretch)"
2024-11,East,Confectionery,191282,"synthetic plan: 2024=actual x U(0.92,1.12); 2025=2024 actual x (1+10-18% stretch)"
2024-11,East,Dairy,137419,"synthetic plan: 2024=actual x U(0.92,1.12); 2025=2024 actual x (1+10-18% stretch)"
2024-11,East,MouthFreshener,174445,"synthetic plan: 2024=actual x U(0.92,1.12); 2025=2024 actual x (1+10-18% stretch)"
2024-11,East,Snacks,89636,"synthetic plan: 2024=actual x U(0.92,1.12); 2025=2024 actual x (1+10-18% stretch)"
2024-11,East,Spices,111090,"synthetic plan: 2024=actual x U(0.92,1.12); 2025=2024 actual x (1+10-18% stretch)"
2024-11,North,Beverages,151203,"synthetic plan: 2024=actual x U(0.92,1.12); 2025=2024 actual x (1+10-18% stretch)"
2024-11,North,Confectionery,356999,"synthetic plan: 2024=actual x U(0.92,1.12); 2025=2024 actual x (1+10-18% stretch)"
2024-11,North,Dairy,233040,"synthetic plan: 2024=actual x U(0.92,1.12); 2025=2024 actual x (1+10-18% stretch)"
2024-11,North,MouthFreshener,219263,"synthetic plan: 2024=actual x U(0.92,1.12); 2025=2024 actual x (1+10-18% stretch)"
2024-11,North,Snacks,157683,"synthetic plan: 2024=actual x U(0.92,1.12); 2025=2024 actual x (1+10-18% stretch)"
2024-11,North,Spices,212435,"synthetic plan: 2024=actual x U(0.92,1.12); 2025=2024 actual x (1+10-18% stretch)"
2024-11,Northeast,Beverages,137974,"synthetic plan: 2024=actual x U(0.92,1.12); 2025=2024 actual x (1+10-18% stretch)"
2024-11,Northeast,Confectionery,317294,"synthetic plan: 2024=actual x U(0.92,1.12); 2025=2024 actual x (1+10-18% stretch)"
2024-11,Northeast,Dairy,165902,"synthetic plan: 2024=actual x U(0.92,1.12); 2025=2024 actual x (1+10-18% stretch)"
2024-11,Northeast,MouthFreshener,227545,"synthetic plan: 2024=actual x U(0.92,1.12); 2025=2024 actual x (1+10-18% stretch)"
2024-11,Northeast,Snacks,111085,"synthetic plan: 2024=actual x U(0.92,1.12); 2025=2024 actual x (1+10-18% stretch)"
2024-11,Northeast,Spices,182775,"synthetic plan: 2024=actual x U(0.92,1.12); 2025=2024 actual x (1+10-18% stretch)"
2024-11,South,Beverages,47616,"synthetic plan: 2024=actual x U(0.92,1.12); 2025=2024 actual x (1+10-18% stretch)"
2024-11,South,Confectionery,141788,"synthetic plan: 2024=actual x U(0.92,1.12); 2025=2024 actual x (1+10-18% stretch)"
2024-11,South,Dairy,93102,"synthetic plan: 2024=actual x U(0.92,1.12); 2025=2024 actual x (1+10-18% stretch)"
2024-11,South,MouthFreshener,105416,"synthetic plan: 2024=actual x U(0.92,1.12); 2025=2024 actual x (1+10-18% stretch)"
2024-11,South,Snacks,49289,"synthetic plan: 2024=actual x U(0.92,1.12); 2025=2024 actual x (1+10-18% stretch)"
2024-11,South,Spices,81084,"synthetic plan: 2024=actual x U(0.92,1.12); 2025=2024 actual x (1+10-18% stretch)"
2024-11,West,Beverages,72769,"synthetic plan: 2024=actual x U(0.92,1.12); 2025=2024 actual x (1+10-18% stretch)"
2024-11,West,Confectionery,184971,"synthetic plan: 2024=actual x U(0.92,1.12); 2025=2024 actual x (1+10-18% stretch)"
2024-11,West,Dairy,157361,"synthetic plan: 2024=actual x U(0.92,1.12); 2025=2024 actual x (1+10-18% stretch)"
2024-11,West,MouthFreshener,163989,"synthetic plan: 2024=actual x U(0.92,1.12); 2025=2024 actual x (1+10-18% stretch)"
2024-11,West,Snacks,89534,"synthetic plan: 2024=actual x U(0.92,1.12); 2025=2024 actual x (1+10-18% stretch)"
2024-11,West,Spices,104012,"synthetic plan: 2024=actual x U(0.92,1.12); 2025=2024 actual x (1+10-18% stretch)"
2024-12,Central,Beverages,67171,"synthetic plan: 2024=actual x U(0.92,1.12); 2025=2024 actual x (1+10-18% stretch)"
2024-12,Central,Confectionery,167829,"synthetic plan: 2024=actual x U(0.92,1.12); 2025=2024 actual x (1+10-18% stretch)"
2024-12,Central,Dairy,115244,"synthetic plan: 2024=actual x U(0.92,1.12); 2025=2024 actual x (1+10-18% stretch)"
2024-12,Central,MouthFreshener,163796,"synthetic plan: 2024=actual x U(0.92,1.12); 2025=2024 actual x (1+10-18% stretch)"
2024-12,Central,Snacks,56161,"synthetic plan: 2024=actual x U(0.92,1.12); 2025=2024 actual x (1+10-18% stretch)"
2024-12,Central,Spices,80492,"synthetic plan: 2024=actual x U(0.92,1.12); 2025=2024 actual x (1+10-18% stretch)"
2024-12,East,Beverages,93003,"synthetic plan: 2024=actual x U(0.92,1.12); 2025=2024 actual x (1+10-18% stretch)"
2024-12,East,Confectionery,193122,"synthetic plan: 2024=actual x U(0.92,1.12); 2025=2024 actual x (1+10-18% stretch)"
2024-12,East,Dairy,192470,"synthetic plan: 2024=actual x U(0.92,1.12); 2025=2024 actual x (1+10-18% stretch)"
2024-12,East,MouthFreshener,240344,"synthetic plan: 2024=actual x U(0.92,1.12); 2025=2024 actual x (1+10-18% stretch)"
2024-12,East,Snacks,88201,"synthetic plan: 2024=actual x U(0.92,1.12); 2025=2024 actual x (1+10-18% stretch)"
2024-12,East,Spices,114360,"synthetic plan: 2024=actual x U(0.92,1.12); 2025=2024 actual x (1+10-18% stretch)"
2024-12,North,Beverages,210387,"synthetic plan: 2024=actual x U(0.92,1.12); 2025=2024 actual x (1+10-18% stretch)"
2024-12,North,Confectionery,314825,"synthetic plan: 2024=actual x U(0.92,1.12); 2025=2024 actual x (1+10-18% stretch)"
2024-12,North,Dairy,290043,"synthetic plan: 2024=actual x U(0.92,1.12); 2025=2024 actual x (1+10-18% stretch)"
2024-12,North,MouthFreshener,289693,"synthetic plan: 2024=actual x U(0.92,1.12); 2025=2024 actual x (1+10-18% stretch)"
2024-12,North,Snacks,176785,"synthetic plan: 2024=actual x U(0.92,1.12); 2025=2024 actual x (1+10-18% stretch)"
2024-12,North,Spices,231208,"synthetic plan: 2024=actual x U(0.92,1.12); 2025=2024 actual x (1+10-18% stretch)"
2024-12,Northeast,Beverages,171375,"synthetic plan: 2024=actual x U(0.92,1.12); 2025=2024 actual x (1+10-18% stretch)"
2024-12,Northeast,Confectionery,294295,"synthetic plan: 2024=actual x U(0.92,1.12); 2025=2024 actual x (1+10-18% stretch)"
2024-12,Northeast,Dairy,201581,"synthetic plan: 2024=actual x U(0.92,1.12); 2025=2024 actual x (1+10-18% stretch)"
2024-12,Northeast,MouthFreshener,367242,"synthetic plan: 2024=actual x U(0.92,1.12); 2025=2024 actual x (1+10-18% stretch)"
2024-12,Northeast,Snacks,103714,"synthetic plan: 2024=actual x U(0.92,1.12); 2025=2024 actual x (1+10-18% stretch)"
2024-12,Northeast,Spices,176912,"synthetic plan: 2024=actual x U(0.92,1.12); 2025=2024 actual x (1+10-18% stretch)"
2024-12,South,Beverages,60691,"synthetic plan: 2024=actual x U(0.92,1.12); 2025=2024 actual x (1+10-18% stretch)"
2024-12,South,Confectionery,141818,"synthetic plan: 2024=actual x U(0.92,1.12); 2025=2024 actual x (1+10-18% stretch)"
2024-12,South,Dairy,114992,"synthetic plan: 2024=actual x U(0.92,1.12); 2025=2024 actual x (1+10-18% stretch)"
2024-12,South,MouthFreshener,137206,"synthetic plan: 2024=actual x U(0.92,1.12); 2025=2024 actual x (1+10-18% stretch)"
2024-12,South,Snacks,58228,"synthetic plan: 2024=actual x U(0.92,1.12); 2025=2024 actual x (1+10-18% stretch)"
2024-12,South,Spices,87269,"synthetic plan: 2024=actual x U(0.92,1.12); 2025=2024 actual x (1+10-18% stretch)"
2024-12,West,Beverages,89601,"synthetic plan: 2024=actual x U(0.92,1.12); 2025=2024 actual x (1+10-18% stretch)"
2024-12,West,Confectionery,205697,"synthetic plan: 2024=actual x U(0.92,1.12); 2025=2024 actual x (1+10-18% stretch)"
2024-12,West,Dairy,188386,"synthetic plan: 2024=actual x U(0.92,1.12); 2025=2024 actual x (1+10-18% stretch)"
2024-12,West,MouthFreshener,224395,"synthetic plan: 2024=actual x U(0.92,1.12); 2025=2024 actual x (1+10-18% stretch)"
2024-12,West,Snacks,116419,"synthetic plan: 2024=actual x U(0.92,1.12); 2025=2024 actual x (1+10-18% stretch)"
2024-12,West,Spices,115209,"synthetic plan: 2024=actual x U(0.92,1.12); 2025=2024 actual x (1+10-18% stretch)"
2025-01,Central,Beverages,63600,"synthetic plan: 2024=actual x U(0.92,1.12); 2025=2024 actual x (1+10-18% stretch)"
2025-01,Central,Confectionery,190159,"synthetic plan: 2024=actual x U(0.92,1.12); 2025=2024 actual x (1+10-18% stretch)"
2025-01,Central,Dairy,112106,"synthetic plan: 2024=actual x U(0.92,1.12); 2025=2024 actual x (1+10-18% stretch)"
2025-01,Central,MouthFreshener,149904,"synthetic plan: 2024=actual x U(0.92,1.12); 2025=2024 actual x (1+10-18% stretch)"
2025-01,Central,Snacks,58881,"synthetic plan: 2024=actual x U(0.92,1.12); 2025=2024 actual x (1+10-18% stretch)"
2025-01,Central,Spices,88084,"synthetic plan: 2024=actual x U(0.92,1.12); 2025=2024 actual x (1+10-18% stretch)"
2025-01,East,Beverages,86863,"synthetic plan: 2024=actual x U(0.92,1.12); 2025=2024 actual x (1+10-18% stretch)"
2025-01,East,Confectionery,206656,"synthetic plan: 2024=actual x U(0.92,1.12); 2025=2024 actual x (1+10-18% stretch)"
2025-01,East,Dairy,169610,"synthetic plan: 2024=actual x U(0.92,1.12); 2025=2024 actual x (1+10-18% stretch)"
2025-01,East,MouthFreshener,237663,"synthetic plan: 2024=actual x U(0.92,1.12); 2025=2024 actual x (1+10-18% stretch)"
2025-01,East,Snacks,91227,"synthetic plan: 2024=actual x U(0.92,1.12); 2025=2024 actual x (1+10-18% stretch)"
2025-01,East,Spices,136044,"synthetic plan: 2024=actual x U(0.92,1.12); 2025=2024 actual x (1+10-18% stretch)"
2025-01,North,Beverages,193566,"synthetic plan: 2024=actual x U(0.92,1.12); 2025=2024 actual x (1+10-18% stretch)"
2025-01,North,Confectionery,369780,"synthetic plan: 2024=actual x U(0.92,1.12); 2025=2024 actual x (1+10-18% stretch)"
2025-01,North,Dairy,261897,"synthetic plan: 2024=actual x U(0.92,1.12); 2025=2024 actual x (1+10-18% stretch)"
2025-01,North,MouthFreshener,301847,"synthetic plan: 2024=actual x U(0.92,1.12); 2025=2024 actual x (1+10-18% stretch)"
2025-01,North,Snacks,166798,"synthetic plan: 2024=actual x U(0.92,1.12); 2025=2024 actual x (1+10-18% stretch)"
2025-01,North,Spices,253181,"synthetic plan: 2024=actual x U(0.92,1.12); 2025=2024 actual x (1+10-18% stretch)"
2025-01,Northeast,Beverages,54878,"synthetic plan: 2024=actual x U(0.92,1.12); 2025=2024 actual x (1+10-18% stretch)"
2025-01,Northeast,Confectionery,125058,"synthetic plan: 2024=actual x U(0.92,1.12); 2025=2024 actual x (1+10-18% stretch)"
2025-01,Northeast,Dairy,73082,"synthetic plan: 2024=actual x U(0.92,1.12); 2025=2024 actual x (1+10-18% stretch)"
2025-01,Northeast,MouthFreshener,112883,"synthetic plan: 2024=actual x U(0.92,1.12); 2025=2024 actual x (1+10-18% stretch)"
2025-01,Northeast,Snacks,40549,"synthetic plan: 2024=actual x U(0.92,1.12); 2025=2024 actual x (1+10-18% stretch)"
2025-01,Northeast,Spices,67501,"synthetic plan: 2024=actual x U(0.92,1.12); 2025=2024 actual x (1+10-18% stretch)"
2025-01,South,Beverages,60364,"synthetic plan: 2024=actual x U(0.92,1.12); 2025=2024 actual x (1+10-18% stretch)"
2025-01,South,Confectionery,160662,"synthetic plan: 2024=actual x U(0.92,1.12); 2025=2024 actual x (1+10-18% stretch)"
2025-01,South,Dairy,119063,"synthetic plan: 2024=actual x U(0.92,1.12); 2025=2024 actual x (1+10-18% stretch)"
2025-01,South,MouthFreshener,137779,"synthetic plan: 2024=actual x U(0.92,1.12); 2025=2024 actual x (1+10-18% stretch)"
2025-01,South,Snacks,64309,"synthetic plan: 2024=actual x U(0.92,1.12); 2025=2024 actual x (1+10-18% stretch)"
2025-01,South,Spices,94560,"synthetic plan: 2024=actual x U(0.92,1.12); 2025=2024 actual x (1+10-18% stretch)"
2025-01,West,Beverages,82981,"synthetic plan: 2024=actual x U(0.92,1.12); 2025=2024 actual x (1+10-18% stretch)"
2025-01,West,Confectionery,205791,"synthetic plan: 2024=actual x U(0.92,1.12); 2025=2024 actual x (1+10-18% stretch)"
2025-01,West,Dairy,187047,"synthetic plan: 2024=actual x U(0.92,1.12); 2025=2024 actual x (1+10-18% stretch)"
2025-01,West,MouthFreshener,235969,"synthetic plan: 2024=actual x U(0.92,1.12); 2025=2024 actual x (1+10-18% stretch)"
2025-01,West,Snacks,111381,"synthetic plan: 2024=actual x U(0.92,1.12); 2025=2024 actual x (1+10-18% stretch)"
2025-01,West,Spices,121641,"synthetic plan: 2024=actual x U(0.92,1.12); 2025=2024 actual x (1+10-18% stretch)"
2025-02,Central,Beverages,50231,"synthetic plan: 2024=actual x U(0.92,1.12); 2025=2024 actual x (1+10-18% stretch)"
2025-02,Central,Confectionery,136297,"synthetic plan: 2024=actual x U(0.92,1.12); 2025=2024 actual x (1+10-18% stretch)"
2025-02,Central,Dairy,88104,"synthetic plan: 2024=actual x U(0.92,1.12); 2025=2024 actual x (1+10-18% stretch)"
2025-02,Central,MouthFreshener,115210,"synthetic plan: 2024=actual x U(0.92,1.12); 2025=2024 actual x (1+10-18% stretch)"
2025-02,Central,Snacks,46960,"synthetic plan: 2024=actual x U(0.92,1.12); 2025=2024 actual x (1+10-18% stretch)"
2025-02,Central,Spices,66579,"synthetic plan: 2024=actual x U(0.92,1.12); 2025=2024 actual x (1+10-18% stretch)"
2025-02,East,Beverages,75834,"synthetic plan: 2024=actual x U(0.92,1.12); 2025=2024 actual x (1+10-18% stretch)"
2025-02,East,Confectionery,149568,"synthetic plan: 2024=actual x U(0.92,1.12); 2025=2024 actual x (1+10-18% stretch)"
2025-02,East,Dairy,134515,"synthetic plan: 2024=actual x U(0.92,1.12); 2025=2024 actual x (1+10-18% stretch)"
2025-02,East,MouthFreshener,174683,"synthetic plan: 2024=actual x U(0.92,1.12); 2025=2024 actual x (1+10-18% stretch)"
2025-02,East,Snacks,72743,"synthetic plan: 2024=actual x U(0.92,1.12); 2025=2024 actual x (1+10-18% stretch)"
2025-02,East,Spices,97830,"synthetic plan: 2024=actual x U(0.92,1.12); 2025=2024 actual x (1+10-18% stretch)"
2025-02,North,Beverages,152994,"synthetic plan: 2024=actual x U(0.92,1.12); 2025=2024 actual x (1+10-18% stretch)"
2025-02,North,Confectionery,276625,"synthetic plan: 2024=actual x U(0.92,1.12); 2025=2024 actual x (1+10-18% stretch)"
2025-02,North,Dairy,220037,"synthetic plan: 2024=actual x U(0.92,1.12); 2025=2024 actual x (1+10-18% stretch)"
2025-02,North,MouthFreshener,235489,"synthetic plan: 2024=actual x U(0.92,1.12); 2025=2024 actual x (1+10-18% stretch)"
2025-02,North,Snacks,129951,"synthetic plan: 2024=actual x U(0.92,1.12); 2025=2024 actual x (1+10-18% stretch)"
2025-02,North,Spices,190386,"synthetic plan: 2024=actual x U(0.92,1.12); 2025=2024 actual x (1+10-18% stretch)"
2025-02,Northeast,Beverages,47727,"synthetic plan: 2024=actual x U(0.92,1.12); 2025=2024 actual x (1+10-18% stretch)"
2025-02,Northeast,Confectionery,92178,"synthetic plan: 2024=actual x U(0.92,1.12); 2025=2024 actual x (1+10-18% stretch)"
2025-02,Northeast,Dairy,52424,"synthetic plan: 2024=actual x U(0.92,1.12); 2025=2024 actual x (1+10-18% stretch)"
2025-02,Northeast,MouthFreshener,90109,"synthetic plan: 2024=actual x U(0.92,1.12); 2025=2024 actual x (1+10-18% stretch)"
2025-02,Northeast,Snacks,33070,"synthetic plan: 2024=actual x U(0.92,1.12); 2025=2024 actual x (1+10-18% stretch)"
2025-02,Northeast,Spices,51227,"synthetic plan: 2024=actual x U(0.92,1.12); 2025=2024 actual x (1+10-18% stretch)"
2025-02,South,Beverages,50489,"synthetic plan: 2024=actual x U(0.92,1.12); 2025=2024 actual x (1+10-18% stretch)"
2025-02,South,Confectionery,109544,"synthetic plan: 2024=actual x U(0.92,1.12); 2025=2024 actual x (1+10-18% stretch)"
2025-02,South,Dairy,94930,"synthetic plan: 2024=actual x U(0.92,1.12); 2025=2024 actual x (1+10-18% stretch)"
2025-02,South,MouthFreshener,111858,"synthetic plan: 2024=actual x U(0.92,1.12); 2025=2024 actual x (1+10-18% stretch)"
2025-02,South,Snacks,48636,"synthetic plan: 2024=actual x U(0.92,1.12); 2025=2024 actual x (1+10-18% stretch)"
2025-02,South,Spices,68657,"synthetic plan: 2024=actual x U(0.92,1.12); 2025=2024 actual x (1+10-18% stretch)"
2025-02,West,Beverages,73232,"synthetic plan: 2024=actual x U(0.92,1.12); 2025=2024 actual x (1+10-18% stretch)"
2025-02,West,Confectionery,155230,"synthetic plan: 2024=actual x U(0.92,1.12); 2025=2024 actual x (1+10-18% stretch)"
2025-02,West,Dairy,152418,"synthetic plan: 2024=actual x U(0.92,1.12); 2025=2024 actual x (1+10-18% stretch)"
2025-02,West,MouthFreshener,179047,"synthetic plan: 2024=actual x U(0.92,1.12); 2025=2024 actual x (1+10-18% stretch)"
2025-02,West,Snacks,81933,"synthetic plan: 2024=actual x U(0.92,1.12); 2025=2024 actual x (1+10-18% stretch)"
2025-02,West,Spices,93481,"synthetic plan: 2024=actual x U(0.92,1.12); 2025=2024 actual x (1+10-18% stretch)"
2025-03,Central,Beverages,71586,"synthetic plan: 2024=actual x U(0.92,1.12); 2025=2024 actual x (1+10-18% stretch)"
2025-03,Central,Confectionery,178111,"synthetic plan: 2024=actual x U(0.92,1.12); 2025=2024 actual x (1+10-18% stretch)"
2025-03,Central,Dairy,99779,"synthetic plan: 2024=actual x U(0.92,1.12); 2025=2024 actual x (1+10-18% stretch)"
2025-03,Central,MouthFreshener,105840,"synthetic plan: 2024=actual x U(0.92,1.12); 2025=2024 actual x (1+10-18% stretch)"
2025-03,Central,Snacks,51755,"synthetic plan: 2024=actual x U(0.92,1.12); 2025=2024 actual x (1+10-18% stretch)"
2025-03,Central,Spices,68864,"synthetic plan: 2024=actual x U(0.92,1.12); 2025=2024 actual x (1+10-18% stretch)"
2025-03,East,Beverages,100537,"synthetic plan: 2024=actual x U(0.92,1.12); 2025=2024 actual x (1+10-18% stretch)"
2025-03,East,Confectionery,191859,"synthetic plan: 2024=actual x U(0.92,1.12); 2025=2024 actual x (1+10-18% stretch)"
2025-03,East,Dairy,160947,"synthetic plan: 2024=actual x U(0.92,1.12); 2025=2024 actual x (1+10-18% stretch)"
2025-03,East,MouthFreshener,152750,"synthetic plan: 2024=actual x U(0.92,1.12); 2025=2024 actual x (1+10-18% stretch)"
2025-03,East,Snacks,75796,"synthetic plan: 2024=actual x U(0.92,1.12); 2025=2024 actual x (1+10-18% stretch)"
2025-03,East,Spices,102210,"synthetic plan: 2024=actual x U(0.92,1.12); 2025=2024 actual x (1+10-18% stretch)"
2025-03,North,Beverages,218514,"synthetic plan: 2024=actual x U(0.92,1.12); 2025=2024 actual x (1+10-18% stretch)"
2025-03,North,Confectionery,350948,"synthetic plan: 2024=actual x U(0.92,1.12); 2025=2024 actual x (1+10-18% stretch)"
2025-03,North,Dairy,257630,"synthetic plan: 2024=actual x U(0.92,1.12); 2025=2024 actual x (1+10-18% stretch)"
2025-03,North,MouthFreshener,206719,"synthetic plan: 2024=actual x U(0.92,1.12); 2025=2024 actual x (1+10-18% stretch)"
2025-03,North,Snacks,137124,"synthetic plan: 2024=actual x U(0.92,1.12); 2025=2024 actual x (1+10-18% stretch)"
2025-03,North,Spices,183417,"synthetic plan: 2024=actual x U(0.92,1.12); 2025=2024 actual x (1+10-18% stretch)"
2025-03,Northeast,Beverages,69568,"synthetic plan: 2024=actual x U(0.92,1.12); 2025=2024 actual x (1+10-18% stretch)"
2025-03,Northeast,Confectionery,116901,"synthetic plan: 2024=actual x U(0.92,1.12); 2025=2024 actual x (1+10-18% stretch)"
2025-03,Northeast,Dairy,61243,"synthetic plan: 2024=actual x U(0.92,1.12); 2025=2024 actual x (1+10-18% stretch)"
2025-03,Northeast,MouthFreshener,73860,"synthetic plan: 2024=actual x U(0.92,1.12); 2025=2024 actual x (1+10-18% stretch)"
2025-03,Northeast,Snacks,32911,"synthetic plan: 2024=actual x U(0.92,1.12); 2025=2024 actual x (1+10-18% stretch)"
2025-03,Northeast,Spices,55608,"synthetic plan: 2024=actual x U(0.92,1.12); 2025=2024 actual x (1+10-18% stretch)"
2025-03,South,Beverages,69812,"synthetic plan: 2024=actual x U(0.92,1.12); 2025=2024 actual x (1+10-18% stretch)"
2025-03,South,Confectionery,141255,"synthetic plan: 2024=actual x U(0.92,1.12); 2025=2024 actual x (1+10-18% stretch)"
2025-03,South,Dairy,103533,"synthetic plan: 2024=actual x U(0.92,1.12); 2025=2024 actual x (1+10-18% stretch)"
2025-03,South,MouthFreshener,106857,"synthetic plan: 2024=actual x U(0.92,1.12); 2025=2024 actual x (1+10-18% stretch)"
2025-03,South,Snacks,51327,"synthetic plan: 2024=actual x U(0.92,1.12); 2025=2024 actual x (1+10-18% stretch)"
2025-03,South,Spices,71780,"synthetic plan: 2024=actual x U(0.92,1.12); 2025=2024 actual x (1+10-18% stretch)"
2025-03,West,Beverages,100532,"synthetic plan: 2024=actual x U(0.92,1.12); 2025=2024 actual x (1+10-18% stretch)"
2025-03,West,Confectionery,192684,"synthetic plan: 2024=actual x U(0.92,1.12); 2025=2024 actual x (1+10-18% stretch)"
2025-03,West,Dairy,167238,"synthetic plan: 2024=actual x U(0.92,1.12); 2025=2024 actual x (1+10-18% stretch)"
2025-03,West,MouthFreshener,156944,"synthetic plan: 2024=actual x U(0.92,1.12); 2025=2024 actual x (1+10-18% stretch)"
2025-03,West,Snacks,94520,"synthetic plan: 2024=actual x U(0.92,1.12); 2025=2024 actual x (1+10-18% stretch)"
2025-03,West,Spices,95306,"synthetic plan: 2024=actual x U(0.92,1.12); 2025=2024 actual x (1+10-18% stretch)"
2025-04,Central,Beverages,119418,"synthetic plan: 2024=actual x U(0.92,1.12); 2025=2024 actual x (1+10-18% stretch)"
2025-04,Central,Confectionery,176059,"synthetic plan: 2024=actual x U(0.92,1.12); 2025=2024 actual x (1+10-18% stretch)"
2025-04,Central,Dairy,125853,"synthetic plan: 2024=actual x U(0.92,1.12); 2025=2024 actual x (1+10-18% stretch)"
2025-04,Central,MouthFreshener,114103,"synthetic plan: 2024=actual x U(0.92,1.12); 2025=2024 actual x (1+10-18% stretch)"
2025-04,Central,Snacks,59172,"synthetic plan: 2024=actual x U(0.92,1.12); 2025=2024 actual x (1+10-18% stretch)"
2025-04,Central,Spices,75788,"synthetic plan: 2024=actual x U(0.92,1.12); 2025=2024 actual x (1+10-18% stretch)"
2025-04,East,Beverages,181754,"synthetic plan: 2024=actual x U(0.92,1.12); 2025=2024 actual x (1+10-18% stretch)"
2025-04,East,Confectionery,194993,"synthetic plan: 2024=actual x U(0.92,1.12); 2025=2024 actual x (1+10-18% stretch)"
2025-04,East,Dairy,199827,"synthetic plan: 2024=actual x U(0.92,1.12); 2025=2024 actual x (1+10-18% stretch)"
2025-04,East,MouthFreshener,159962,"synthetic plan: 2024=actual x U(0.92,1.12); 2025=2024 actual x (1+10-18% stretch)"
2025-04,East,Snacks,95824,"synthetic plan: 2024=actual x U(0.92,1.12); 2025=2024 actual x (1+10-18% stretch)"
2025-04,East,Spices,113571,"synthetic plan: 2024=actual x U(0.92,1.12); 2025=2024 actual x (1+10-18% stretch)"
2025-04,North,Beverages,346944,"synthetic plan: 2024=actual x U(0.92,1.12); 2025=2024 actual x (1+10-18% stretch)"
2025-04,North,Confectionery,361440,"synthetic plan: 2024=actual x U(0.92,1.12); 2025=2024 actual x (1+10-18% stretch)"
2025-04,North,Dairy,321425,"synthetic plan: 2024=actual x U(0.92,1.12); 2025=2024 actual x (1+10-18% stretch)"
2025-04,North,MouthFreshener,240701,"synthetic plan: 2024=actual x U(0.92,1.12); 2025=2024 actual x (1+10-18% stretch)"
2025-04,North,Snacks,158035,"synthetic plan: 2024=actual x U(0.92,1.12); 2025=2024 actual x (1+10-18% stretch)"
2025-04,North,Spices,213797,"synthetic plan: 2024=actual x U(0.92,1.12); 2025=2024 actual x (1+10-18% stretch)"
2025-04,Northeast,Beverages,114375,"synthetic plan: 2024=actual x U(0.92,1.12); 2025=2024 actual x (1+10-18% stretch)"
2025-04,Northeast,Confectionery,115514,"synthetic plan: 2024=actual x U(0.92,1.12); 2025=2024 actual x (1+10-18% stretch)"
2025-04,Northeast,Dairy,78138,"synthetic plan: 2024=actual x U(0.92,1.12); 2025=2024 actual x (1+10-18% stretch)"
2025-04,Northeast,MouthFreshener,83798,"synthetic plan: 2024=actual x U(0.92,1.12); 2025=2024 actual x (1+10-18% stretch)"
2025-04,Northeast,Snacks,38761,"synthetic plan: 2024=actual x U(0.92,1.12); 2025=2024 actual x (1+10-18% stretch)"
2025-04,Northeast,Spices,59664,"synthetic plan: 2024=actual x U(0.92,1.12); 2025=2024 actual x (1+10-18% stretch)"
2025-04,South,Beverages,110793,"synthetic plan: 2024=actual x U(0.92,1.12); 2025=2024 actual x (1+10-18% stretch)"
2025-04,South,Confectionery,139933,"synthetic plan: 2024=actual x U(0.92,1.12); 2025=2024 actual x (1+10-18% stretch)"
2025-04,South,Dairy,141036,"synthetic plan: 2024=actual x U(0.92,1.12); 2025=2024 actual x (1+10-18% stretch)"
2025-04,South,MouthFreshener,112532,"synthetic plan: 2024=actual x U(0.92,1.12); 2025=2024 actual x (1+10-18% stretch)"
2025-04,South,Snacks,63839,"synthetic plan: 2024=actual x U(0.92,1.12); 2025=2024 actual x (1+10-18% stretch)"
2025-04,South,Spices,75466,"synthetic plan: 2024=actual x U(0.92,1.12); 2025=2024 actual x (1+10-18% stretch)"
2025-04,West,Beverages,151578,"synthetic plan: 2024=actual x U(0.92,1.12); 2025=2024 actual x (1+10-18% stretch)"
2025-04,West,Confectionery,189453,"synthetic plan: 2024=actual x U(0.92,1.12); 2025=2024 actual x (1+10-18% stretch)"
2025-04,West,Dairy,215617,"synthetic plan: 2024=actual x U(0.92,1.12); 2025=2024 actual x (1+10-18% stretch)"
2025-04,West,MouthFreshener,170290,"synthetic plan: 2024=actual x U(0.92,1.12); 2025=2024 actual x (1+10-18% stretch)"
2025-04,West,Snacks,108552,"synthetic plan: 2024=actual x U(0.92,1.12); 2025=2024 actual x (1+10-18% stretch)"
2025-04,West,Spices,106359,"synthetic plan: 2024=actual x U(0.92,1.12); 2025=2024 actual x (1+10-18% stretch)"
2025-05,Central,Beverages,108985,"synthetic plan: 2024=actual x U(0.92,1.12); 2025=2024 actual x (1+10-18% stretch)"
2025-05,Central,Confectionery,126034,"synthetic plan: 2024=actual x U(0.92,1.12); 2025=2024 actual x (1+10-18% stretch)"
2025-05,Central,Dairy,104778,"synthetic plan: 2024=actual x U(0.92,1.12); 2025=2024 actual x (1+10-18% stretch)"
2025-05,Central,MouthFreshener,97516,"synthetic plan: 2024=actual x U(0.92,1.12); 2025=2024 actual x (1+10-18% stretch)"
2025-05,Central,Snacks,48128,"synthetic plan: 2024=actual x U(0.92,1.12); 2025=2024 actual x (1+10-18% stretch)"
2025-05,Central,Spices,64773,"synthetic plan: 2024=actual x U(0.92,1.12); 2025=2024 actual x (1+10-18% stretch)"
2025-05,East,Beverages,153159,"synthetic plan: 2024=actual x U(0.92,1.12); 2025=2024 actual x (1+10-18% stretch)"
2025-05,East,Confectionery,145320,"synthetic plan: 2024=actual x U(0.92,1.12); 2025=2024 actual x (1+10-18% stretch)"
2025-05,East,Dairy,167946,"synthetic plan: 2024=actual x U(0.92,1.12); 2025=2024 actual x (1+10-18% stretch)"
2025-05,East,MouthFreshener,142786,"synthetic plan: 2024=actual x U(0.92,1.12); 2025=2024 actual x (1+10-18% stretch)"
2025-05,East,Snacks,74119,"synthetic plan: 2024=actual x U(0.92,1.12); 2025=2024 actual x (1+10-18% stretch)"
2025-05,East,Spices,95425,"synthetic plan: 2024=actual x U(0.92,1.12); 2025=2024 actual x (1+10-18% stretch)"
2025-05,North,Beverages,317155,"synthetic plan: 2024=actual x U(0.92,1.12); 2025=2024 actual x (1+10-18% stretch)"
2025-05,North,Confectionery,261259,"synthetic plan: 2024=actual x U(0.92,1.12); 2025=2024 actual x (1+10-18% stretch)"
2025-05,North,Dairy,271772,"synthetic plan: 2024=actual x U(0.92,1.12); 2025=2024 actual x (1+10-18% stretch)"
2025-05,North,MouthFreshener,190249,"synthetic plan: 2024=actual x U(0.92,1.12); 2025=2024 actual x (1+10-18% stretch)"
2025-05,North,Snacks,129214,"synthetic plan: 2024=actual x U(0.92,1.12); 2025=2024 actual x (1+10-18% stretch)"
2025-05,North,Spices,187935,"synthetic plan: 2024=actual x U(0.92,1.12); 2025=2024 actual x (1+10-18% stretch)"
2025-05,Northeast,Beverages,92590,"synthetic plan: 2024=actual x U(0.92,1.12); 2025=2024 actual x (1+10-18% stretch)"
2025-05,Northeast,Confectionery,92454,"synthetic plan: 2024=actual x U(0.92,1.12); 2025=2024 actual x (1+10-18% stretch)"
2025-05,Northeast,Dairy,69463,"synthetic plan: 2024=actual x U(0.92,1.12); 2025=2024 actual x (1+10-18% stretch)"
2025-05,Northeast,MouthFreshener,74125,"synthetic plan: 2024=actual x U(0.92,1.12); 2025=2024 actual x (1+10-18% stretch)"
2025-05,Northeast,Snacks,32231,"synthetic plan: 2024=actual x U(0.92,1.12); 2025=2024 actual x (1+10-18% stretch)"
2025-05,Northeast,Spices,48094,"synthetic plan: 2024=actual x U(0.92,1.12); 2025=2024 actual x (1+10-18% stretch)"
2025-05,South,Beverages,94740,"synthetic plan: 2024=actual x U(0.92,1.12); 2025=2024 actual x (1+10-18% stretch)"
2025-05,South,Confectionery,108365,"synthetic plan: 2024=actual x U(0.92,1.12); 2025=2024 actual x (1+10-18% stretch)"
2025-05,South,Dairy,112219,"synthetic plan: 2024=actual x U(0.92,1.12); 2025=2024 actual x (1+10-18% stretch)"
2025-05,South,MouthFreshener,95326,"synthetic plan: 2024=actual x U(0.92,1.12); 2025=2024 actual x (1+10-18% stretch)"
2025-05,South,Snacks,51453,"synthetic plan: 2024=actual x U(0.92,1.12); 2025=2024 actual x (1+10-18% stretch)"
2025-05,South,Spices,64187,"synthetic plan: 2024=actual x U(0.92,1.12); 2025=2024 actual x (1+10-18% stretch)"
2025-05,West,Beverages,137988,"synthetic plan: 2024=actual x U(0.92,1.12); 2025=2024 actual x (1+10-18% stretch)"
2025-05,West,Confectionery,141410,"synthetic plan: 2024=actual x U(0.92,1.12); 2025=2024 actual x (1+10-18% stretch)"
2025-05,West,Dairy,197627,"synthetic plan: 2024=actual x U(0.92,1.12); 2025=2024 actual x (1+10-18% stretch)"
2025-05,West,MouthFreshener,135086,"synthetic plan: 2024=actual x U(0.92,1.12); 2025=2024 actual x (1+10-18% stretch)"
2025-05,West,Snacks,90371,"synthetic plan: 2024=actual x U(0.92,1.12); 2025=2024 actual x (1+10-18% stretch)"
2025-05,West,Spices,86547,"synthetic plan: 2024=actual x U(0.92,1.12); 2025=2024 actual x (1+10-18% stretch)"
2025-06,Central,Beverages,100094,"synthetic plan: 2024=actual x U(0.92,1.12); 2025=2024 actual x (1+10-18% stretch)"
2025-06,Central,Confectionery,163339,"synthetic plan: 2024=actual x U(0.92,1.12); 2025=2024 actual x (1+10-18% stretch)"
2025-06,Central,Dairy,100126,"synthetic plan: 2024=actual x U(0.92,1.12); 2025=2024 actual x (1+10-18% stretch)"
2025-06,Central,MouthFreshener,85512,"synthetic plan: 2024=actual x U(0.92,1.12); 2025=2024 actual x (1+10-18% stretch)"
2025-06,Central,Snacks,48958,"synthetic plan: 2024=actual x U(0.92,1.12); 2025=2024 actual x (1+10-18% stretch)"
2025-06,Central,Spices,64673,"synthetic plan: 2024=actual x U(0.92,1.12); 2025=2024 actual x (1+10-18% stretch)"
2025-06,East,Beverages,147587,"synthetic plan: 2024=actual x U(0.92,1.12); 2025=2024 actual x (1+10-18% stretch)"
2025-06,East,Confectionery,182834,"synthetic plan: 2024=actual x U(0.92,1.12); 2025=2024 actual x (1+10-18% stretch)"
2025-06,East,Dairy,155187,"synthetic plan: 2024=actual x U(0.92,1.12); 2025=2024 actual x (1+10-18% stretch)"
2025-06,East,MouthFreshener,132124,"synthetic plan: 2024=actual x U(0.92,1.12); 2025=2024 actual x (1+10-18% stretch)"
2025-06,East,Snacks,78866,"synthetic plan: 2024=actual x U(0.92,1.12); 2025=2024 actual x (1+10-18% stretch)"
2025-06,East,Spices,93933,"synthetic plan: 2024=actual x U(0.92,1.12); 2025=2024 actual x (1+10-18% stretch)"
2025-06,North,Beverages,288337,"synthetic plan: 2024=actual x U(0.92,1.12); 2025=2024 actual x (1+10-18% stretch)"
2025-06,North,Confectionery,338340,"synthetic plan: 2024=actual x U(0.92,1.12); 2025=2024 actual x (1+10-18% stretch)"
2025-06,North,Dairy,258625,"synthetic plan: 2024=actual x U(0.92,1.12); 2025=2024 actual x (1+10-18% stretch)"
2025-06,North,MouthFreshener,178003,"synthetic plan: 2024=actual x U(0.92,1.12); 2025=2024 actual x (1+10-18% stretch)"
2025-06,North,Snacks,138836,"synthetic plan: 2024=actual x U(0.92,1.12); 2025=2024 actual x (1+10-18% stretch)"
2025-06,North,Spices,176542,"synthetic plan: 2024=actual x U(0.92,1.12); 2025=2024 actual x (1+10-18% stretch)"
2025-06,Northeast,Beverages,96588,"synthetic plan: 2024=actual x U(0.92,1.12); 2025=2024 actual x (1+10-18% stretch)"
2025-06,Northeast,Confectionery,115766,"synthetic plan: 2024=actual x U(0.92,1.12); 2025=2024 actual x (1+10-18% stretch)"
2025-06,Northeast,Dairy,63882,"synthetic plan: 2024=actual x U(0.92,1.12); 2025=2024 actual x (1+10-18% stretch)"
2025-06,Northeast,MouthFreshener,69239,"synthetic plan: 2024=actual x U(0.92,1.12); 2025=2024 actual x (1+10-18% stretch)"
2025-06,Northeast,Snacks,34622,"synthetic plan: 2024=actual x U(0.92,1.12); 2025=2024 actual x (1+10-18% stretch)"
2025-06,Northeast,Spices,48741,"synthetic plan: 2024=actual x U(0.92,1.12); 2025=2024 actual x (1+10-18% stretch)"
2025-06,South,Beverages,94034,"synthetic plan: 2024=actual x U(0.92,1.12); 2025=2024 actual x (1+10-18% stretch)"
2025-06,South,Confectionery,135221,"synthetic plan: 2024=actual x U(0.92,1.12); 2025=2024 actual x (1+10-18% stretch)"
2025-06,South,Dairy,108963,"synthetic plan: 2024=actual x U(0.92,1.12); 2025=2024 actual x (1+10-18% stretch)"
2025-06,South,MouthFreshener,80867,"synthetic plan: 2024=actual x U(0.92,1.12); 2025=2024 actual x (1+10-18% stretch)"
2025-06,South,Snacks,57479,"synthetic plan: 2024=actual x U(0.92,1.12); 2025=2024 actual x (1+10-18% stretch)"
2025-06,South,Spices,62725,"synthetic plan: 2024=actual x U(0.92,1.12); 2025=2024 actual x (1+10-18% stretch)"
2025-06,West,Beverages,135013,"synthetic plan: 2024=actual x U(0.92,1.12); 2025=2024 actual x (1+10-18% stretch)"
2025-06,West,Confectionery,184667,"synthetic plan: 2024=actual x U(0.92,1.12); 2025=2024 actual x (1+10-18% stretch)"
2025-06,West,Dairy,179649,"synthetic plan: 2024=actual x U(0.92,1.12); 2025=2024 actual x (1+10-18% stretch)"
2025-06,West,MouthFreshener,122425,"synthetic plan: 2024=actual x U(0.92,1.12); 2025=2024 actual x (1+10-18% stretch)"
2025-06,West,Snacks,95026,"synthetic plan: 2024=actual x U(0.92,1.12); 2025=2024 actual x (1+10-18% stretch)"
2025-06,West,Spices,87579,"synthetic plan: 2024=actual x U(0.92,1.12); 2025=2024 actual x (1+10-18% stretch)"
2025-07,Central,Beverages,74884,"synthetic plan: 2024=actual x U(0.92,1.12); 2025=2024 actual x (1+10-18% stretch)"
2025-07,Central,Confectionery,230167,"synthetic plan: 2024=actual x U(0.92,1.12); 2025=2024 actual x (1+10-18% stretch)"
2025-07,Central,Dairy,117139,"synthetic plan: 2024=actual x U(0.92,1.12); 2025=2024 actual x (1+10-18% stretch)"
2025-07,Central,MouthFreshener,103874,"synthetic plan: 2024=actual x U(0.92,1.12); 2025=2024 actual x (1+10-18% stretch)"
2025-07,Central,Snacks,66902,"synthetic plan: 2024=actual x U(0.92,1.12); 2025=2024 actual x (1+10-18% stretch)"
2025-07,Central,Spices,76326,"synthetic plan: 2024=actual x U(0.92,1.12); 2025=2024 actual x (1+10-18% stretch)"
2025-07,East,Beverages,105125,"synthetic plan: 2024=actual x U(0.92,1.12); 2025=2024 actual x (1+10-18% stretch)"
2025-07,East,Confectionery,231217,"synthetic plan: 2024=actual x U(0.92,1.12); 2025=2024 actual x (1+10-18% stretch)"
2025-07,East,Dairy,176713,"synthetic plan: 2024=actual x U(0.92,1.12); 2025=2024 actual x (1+10-18% stretch)"
2025-07,East,MouthFreshener,159796,"synthetic plan: 2024=actual x U(0.92,1.12); 2025=2024 actual x (1+10-18% stretch)"
2025-07,East,Snacks,101964,"synthetic plan: 2024=actual x U(0.92,1.12); 2025=2024 actual x (1+10-18% stretch)"
2025-07,East,Spices,107441,"synthetic plan: 2024=actual x U(0.92,1.12); 2025=2024 actual x (1+10-18% stretch)"
2025-07,North,Beverages,224199,"synthetic plan: 2024=actual x U(0.92,1.12); 2025=2024 actual x (1+10-18% stretch)"
2025-07,North,Confectionery,438017,"synthetic plan: 2024=actual x U(0.92,1.12); 2025=2024 actual x (1+10-18% stretch)"
2025-07,North,Dairy,286038,"synthetic plan: 2024=actual x U(0.92,1.12); 2025=2024 actual x (1+10-18% stretch)"
2025-07,North,MouthFreshener,204889,"synthetic plan: 2024=actual x U(0.92,1.12); 2025=2024 actual x (1+10-18% stretch)"
2025-07,North,Snacks,181061,"synthetic plan: 2024=actual x U(0.92,1.12); 2025=2024 actual x (1+10-18% stretch)"
2025-07,North,Spices,199947,"synthetic plan: 2024=actual x U(0.92,1.12); 2025=2024 actual x (1+10-18% stretch)"
2025-07,Northeast,Beverages,69093,"synthetic plan: 2024=actual x U(0.92,1.12); 2025=2024 actual x (1+10-18% stretch)"
2025-07,Northeast,Confectionery,133094,"synthetic plan: 2024=actual x U(0.92,1.12); 2025=2024 actual x (1+10-18% stretch)"
2025-07,Northeast,Dairy,65005,"synthetic plan: 2024=actual x U(0.92,1.12); 2025=2024 actual x (1+10-18% stretch)"
2025-07,Northeast,MouthFreshener,78001,"synthetic plan: 2024=actual x U(0.92,1.12); 2025=2024 actual x (1+10-18% stretch)"
2025-07,Northeast,Snacks,46155,"synthetic plan: 2024=actual x U(0.92,1.12); 2025=2024 actual x (1+10-18% stretch)"
2025-07,Northeast,Spices,57505,"synthetic plan: 2024=actual x U(0.92,1.12); 2025=2024 actual x (1+10-18% stretch)"
2025-07,South,Beverages,69968,"synthetic plan: 2024=actual x U(0.92,1.12); 2025=2024 actual x (1+10-18% stretch)"
2025-07,South,Confectionery,176126,"synthetic plan: 2024=actual x U(0.92,1.12); 2025=2024 actual x (1+10-18% stretch)"
2025-07,South,Dairy,123106,"synthetic plan: 2024=actual x U(0.92,1.12); 2025=2024 actual x (1+10-18% stretch)"
2025-07,South,MouthFreshener,95111,"synthetic plan: 2024=actual x U(0.92,1.12); 2025=2024 actual x (1+10-18% stretch)"
2025-07,South,Snacks,73780,"synthetic plan: 2024=actual x U(0.92,1.12); 2025=2024 actual x (1+10-18% stretch)"
2025-07,South,Spices,76882,"synthetic plan: 2024=actual x U(0.92,1.12); 2025=2024 actual x (1+10-18% stretch)"
2025-07,West,Beverages,101654,"synthetic plan: 2024=actual x U(0.92,1.12); 2025=2024 actual x (1+10-18% stretch)"
2025-07,West,Confectionery,252399,"synthetic plan: 2024=actual x U(0.92,1.12); 2025=2024 actual x (1+10-18% stretch)"
2025-07,West,Dairy,190938,"synthetic plan: 2024=actual x U(0.92,1.12); 2025=2024 actual x (1+10-18% stretch)"
2025-07,West,MouthFreshener,155416,"synthetic plan: 2024=actual x U(0.92,1.12); 2025=2024 actual x (1+10-18% stretch)"
2025-07,West,Snacks,126860,"synthetic plan: 2024=actual x U(0.92,1.12); 2025=2024 actual x (1+10-18% stretch)"
2025-07,West,Spices,103752,"synthetic plan: 2024=actual x U(0.92,1.12); 2025=2024 actual x (1+10-18% stretch)"
2025-08,Central,Beverages,62437,"synthetic plan: 2024=actual x U(0.92,1.12); 2025=2024 actual x (1+10-18% stretch)"
2025-08,Central,Confectionery,205201,"synthetic plan: 2024=actual x U(0.92,1.12); 2025=2024 actual x (1+10-18% stretch)"
2025-08,Central,Dairy,90965,"synthetic plan: 2024=actual x U(0.92,1.12); 2025=2024 actual x (1+10-18% stretch)"
2025-08,Central,MouthFreshener,89744,"synthetic plan: 2024=actual x U(0.92,1.12); 2025=2024 actual x (1+10-18% stretch)"
2025-08,Central,Snacks,54599,"synthetic plan: 2024=actual x U(0.92,1.12); 2025=2024 actual x (1+10-18% stretch)"
2025-08,Central,Spices,65523,"synthetic plan: 2024=actual x U(0.92,1.12); 2025=2024 actual x (1+10-18% stretch)"
2025-08,East,Beverages,83620,"synthetic plan: 2024=actual x U(0.92,1.12); 2025=2024 actual x (1+10-18% stretch)"
2025-08,East,Confectionery,213542,"synthetic plan: 2024=actual x U(0.92,1.12); 2025=2024 actual x (1+10-18% stretch)"
2025-08,East,Dairy,138727,"synthetic plan: 2024=actual x U(0.92,1.12); 2025=2024 actual x (1+10-18% stretch)"
2025-08,East,MouthFreshener,139203,"synthetic plan: 2024=actual x U(0.92,1.12); 2025=2024 actual x (1+10-18% stretch)"
2025-08,East,Snacks,86563,"synthetic plan: 2024=actual x U(0.92,1.12); 2025=2024 actual x (1+10-18% stretch)"
2025-08,East,Spices,100685,"synthetic plan: 2024=actual x U(0.92,1.12); 2025=2024 actual x (1+10-18% stretch)"
2025-08,North,Beverages,176062,"synthetic plan: 2024=actual x U(0.92,1.12); 2025=2024 actual x (1+10-18% stretch)"
2025-08,North,Confectionery,397715,"synthetic plan: 2024=actual x U(0.92,1.12); 2025=2024 actual x (1+10-18% stretch)"
2025-08,North,Dairy,226633,"synthetic plan: 2024=actual x U(0.92,1.12); 2025=2024 actual x (1+10-18% stretch)"
2025-08,North,MouthFreshener,192000,"synthetic plan: 2024=actual x U(0.92,1.12); 2025=2024 actual x (1+10-18% stretch)"
2025-08,North,Snacks,153221,"synthetic plan: 2024=actual x U(0.92,1.12); 2025=2024 actual x (1+10-18% stretch)"
2025-08,North,Spices,190535,"synthetic plan: 2024=actual x U(0.92,1.12); 2025=2024 actual x (1+10-18% stretch)"
2025-08,Northeast,Beverages,55258,"synthetic plan: 2024=actual x U(0.92,1.12); 2025=2024 actual x (1+10-18% stretch)"
2025-08,Northeast,Confectionery,133411,"synthetic plan: 2024=actual x U(0.92,1.12); 2025=2024 actual x (1+10-18% stretch)"
2025-08,Northeast,Dairy,57212,"synthetic plan: 2024=actual x U(0.92,1.12); 2025=2024 actual x (1+10-18% stretch)"
2025-08,Northeast,MouthFreshener,63271,"synthetic plan: 2024=actual x U(0.92,1.12); 2025=2024 actual x (1+10-18% stretch)"
2025-08,Northeast,Snacks,36058,"synthetic plan: 2024=actual x U(0.92,1.12); 2025=2024 actual x (1+10-18% stretch)"
2025-08,Northeast,Spices,52261,"synthetic plan: 2024=actual x U(0.92,1.12); 2025=2024 actual x (1+10-18% stretch)"
2025-08,South,Beverages,59679,"synthetic plan: 2024=actual x U(0.92,1.12); 2025=2024 actual x (1+10-18% stretch)"
2025-08,South,Confectionery,166502,"synthetic plan: 2024=actual x U(0.92,1.12); 2025=2024 actual x (1+10-18% stretch)"
2025-08,South,Dairy,101319,"synthetic plan: 2024=actual x U(0.92,1.12); 2025=2024 actual x (1+10-18% stretch)"
2025-08,South,MouthFreshener,91672,"synthetic plan: 2024=actual x U(0.92,1.12); 2025=2024 actual x (1+10-18% stretch)"
2025-08,South,Snacks,60199,"synthetic plan: 2024=actual x U(0.92,1.12); 2025=2024 actual x (1+10-18% stretch)"
2025-08,South,Spices,66619,"synthetic plan: 2024=actual x U(0.92,1.12); 2025=2024 actual x (1+10-18% stretch)"
2025-08,West,Beverages,78943,"synthetic plan: 2024=actual x U(0.92,1.12); 2025=2024 actual x (1+10-18% stretch)"
2025-08,West,Confectionery,229019,"synthetic plan: 2024=actual x U(0.92,1.12); 2025=2024 actual x (1+10-18% stretch)"
2025-08,West,Dairy,157820,"synthetic plan: 2024=actual x U(0.92,1.12); 2025=2024 actual x (1+10-18% stretch)"
2025-08,West,MouthFreshener,141926,"synthetic plan: 2024=actual x U(0.92,1.12); 2025=2024 actual x (1+10-18% stretch)"
2025-08,West,Snacks,110923,"synthetic plan: 2024=actual x U(0.92,1.12); 2025=2024 actual x (1+10-18% stretch)"
2025-08,West,Spices,91234,"synthetic plan: 2024=actual x U(0.92,1.12); 2025=2024 actual x (1+10-18% stretch)"
2025-09,Central,Beverages,87015,"synthetic plan: 2024=actual x U(0.92,1.12); 2025=2024 actual x (1+10-18% stretch)"
2025-09,Central,Confectionery,198241,"synthetic plan: 2024=actual x U(0.92,1.12); 2025=2024 actual x (1+10-18% stretch)"
2025-09,Central,Dairy,123344,"synthetic plan: 2024=actual x U(0.92,1.12); 2025=2024 actual x (1+10-18% stretch)"
2025-09,Central,MouthFreshener,135962,"synthetic plan: 2024=actual x U(0.92,1.12); 2025=2024 actual x (1+10-18% stretch)"
2025-09,Central,Snacks,65299,"synthetic plan: 2024=actual x U(0.92,1.12); 2025=2024 actual x (1+10-18% stretch)"
2025-09,Central,Spices,90449,"synthetic plan: 2024=actual x U(0.92,1.12); 2025=2024 actual x (1+10-18% stretch)"
2025-09,East,Beverages,112367,"synthetic plan: 2024=actual x U(0.92,1.12); 2025=2024 actual x (1+10-18% stretch)"
2025-09,East,Confectionery,216451,"synthetic plan: 2024=actual x U(0.92,1.12); 2025=2024 actual x (1+10-18% stretch)"
2025-09,East,Dairy,187357,"synthetic plan: 2024=actual x U(0.92,1.12); 2025=2024 actual x (1+10-18% stretch)"
2025-09,East,MouthFreshener,199764,"synthetic plan: 2024=actual x U(0.92,1.12); 2025=2024 actual x (1+10-18% stretch)"
2025-09,East,Snacks,98969,"synthetic plan: 2024=actual x U(0.92,1.12); 2025=2024 actual x (1+10-18% stretch)"
2025-09,East,Spices,135628,"synthetic plan: 2024=actual x U(0.92,1.12); 2025=2024 actual x (1+10-18% stretch)"
2025-09,North,Beverages,250707,"synthetic plan: 2024=actual x U(0.92,1.12); 2025=2024 actual x (1+10-18% stretch)"
2025-09,North,Confectionery,402500,"synthetic plan: 2024=actual x U(0.92,1.12); 2025=2024 actual x (1+10-18% stretch)"
2025-09,North,Dairy,299183,"synthetic plan: 2024=actual x U(0.92,1.12); 2025=2024 actual x (1+10-18% stretch)"
2025-09,North,MouthFreshener,264578,"synthetic plan: 2024=actual x U(0.92,1.12); 2025=2024 actual x (1+10-18% stretch)"
2025-09,North,Snacks,183493,"synthetic plan: 2024=actual x U(0.92,1.12); 2025=2024 actual x (1+10-18% stretch)"
2025-09,North,Spices,260611,"synthetic plan: 2024=actual x U(0.92,1.12); 2025=2024 actual x (1+10-18% stretch)"
2025-09,Northeast,Beverages,74483,"synthetic plan: 2024=actual x U(0.92,1.12); 2025=2024 actual x (1+10-18% stretch)"
2025-09,Northeast,Confectionery,128371,"synthetic plan: 2024=actual x U(0.92,1.12); 2025=2024 actual x (1+10-18% stretch)"
2025-09,Northeast,Dairy,69735,"synthetic plan: 2024=actual x U(0.92,1.12); 2025=2024 actual x (1+10-18% stretch)"
2025-09,Northeast,MouthFreshener,96319,"synthetic plan: 2024=actual x U(0.92,1.12); 2025=2024 actual x (1+10-18% stretch)"
2025-09,Northeast,Snacks,40795,"synthetic plan: 2024=actual x U(0.92,1.12); 2025=2024 actual x (1+10-18% stretch)"
2025-09,Northeast,Spices,66872,"synthetic plan: 2024=actual x U(0.92,1.12); 2025=2024 actual x (1+10-18% stretch)"
2025-09,South,Beverages,77949,"synthetic plan: 2024=actual x U(0.92,1.12); 2025=2024 actual x (1+10-18% stretch)"
2025-09,South,Confectionery,166667,"synthetic plan: 2024=actual x U(0.92,1.12); 2025=2024 actual x (1+10-18% stretch)"
2025-09,South,Dairy,126013,"synthetic plan: 2024=actual x U(0.92,1.12); 2025=2024 actual x (1+10-18% stretch)"
2025-09,South,MouthFreshener,128694,"synthetic plan: 2024=actual x U(0.92,1.12); 2025=2024 actual x (1+10-18% stretch)"
2025-09,South,Snacks,69025,"synthetic plan: 2024=actual x U(0.92,1.12); 2025=2024 actual x (1+10-18% stretch)"
2025-09,South,Spices,94073,"synthetic plan: 2024=actual x U(0.92,1.12); 2025=2024 actual x (1+10-18% stretch)"
2025-09,West,Beverages,108049,"synthetic plan: 2024=actual x U(0.92,1.12); 2025=2024 actual x (1+10-18% stretch)"
2025-09,West,Confectionery,226764,"synthetic plan: 2024=actual x U(0.92,1.12); 2025=2024 actual x (1+10-18% stretch)"
2025-09,West,Dairy,213887,"synthetic plan: 2024=actual x U(0.92,1.12); 2025=2024 actual x (1+10-18% stretch)"
2025-09,West,MouthFreshener,201203,"synthetic plan: 2024=actual x U(0.92,1.12); 2025=2024 actual x (1+10-18% stretch)"
2025-09,West,Snacks,126586,"synthetic plan: 2024=actual x U(0.92,1.12); 2025=2024 actual x (1+10-18% stretch)"
2025-09,West,Spices,117771,"synthetic plan: 2024=actual x U(0.92,1.12); 2025=2024 actual x (1+10-18% stretch)"
2025-10,Central,Beverages,70262,"synthetic plan: 2024=actual x U(0.92,1.12); 2025=2024 actual x (1+10-18% stretch)"
2025-10,Central,Confectionery,201216,"synthetic plan: 2024=actual x U(0.92,1.12); 2025=2024 actual x (1+10-18% stretch)"
2025-10,Central,Dairy,104491,"synthetic plan: 2024=actual x U(0.92,1.12); 2025=2024 actual x (1+10-18% stretch)"
2025-10,Central,MouthFreshener,119436,"synthetic plan: 2024=actual x U(0.92,1.12); 2025=2024 actual x (1+10-18% stretch)"
2025-10,Central,Snacks,58006,"synthetic plan: 2024=actual x U(0.92,1.12); 2025=2024 actual x (1+10-18% stretch)"
2025-10,Central,Spices,83222,"synthetic plan: 2024=actual x U(0.92,1.12); 2025=2024 actual x (1+10-18% stretch)"
2025-10,East,Beverages,95794,"synthetic plan: 2024=actual x U(0.92,1.12); 2025=2024 actual x (1+10-18% stretch)"
2025-10,East,Confectionery,207089,"synthetic plan: 2024=actual x U(0.92,1.12); 2025=2024 actual x (1+10-18% stretch)"
2025-10,East,Dairy,158372,"synthetic plan: 2024=actual x U(0.92,1.12); 2025=2024 actual x (1+10-18% stretch)"
2025-10,East,MouthFreshener,193291,"synthetic plan: 2024=actual x U(0.92,1.12); 2025=2024 actual x (1+10-18% stretch)"
2025-10,East,Snacks,95186,"synthetic plan: 2024=actual x U(0.92,1.12); 2025=2024 actual x (1+10-18% stretch)"
2025-10,East,Spices,128472,"synthetic plan: 2024=actual x U(0.92,1.12); 2025=2024 actual x (1+10-18% stretch)"
2025-10,North,Beverages,215025,"synthetic plan: 2024=actual x U(0.92,1.12); 2025=2024 actual x (1+10-18% stretch)"
2025-10,North,Confectionery,392993,"synthetic plan: 2024=actual x U(0.92,1.12); 2025=2024 actual x (1+10-18% stretch)"
2025-10,North,Dairy,270213,"synthetic plan: 2024=actual x U(0.92,1.12); 2025=2024 actual x (1+10-18% stretch)"
2025-10,North,MouthFreshener,250066,"synthetic plan: 2024=actual x U(0.92,1.12); 2025=2024 actual x (1+10-18% stretch)"
2025-10,North,Snacks,150841,"synthetic plan: 2024=actual x U(0.92,1.12); 2025=2024 actual x (1+10-18% stretch)"
2025-10,North,Spices,229407,"synthetic plan: 2024=actual x U(0.92,1.12); 2025=2024 actual x (1+10-18% stretch)"
2025-10,Northeast,Beverages,185045,"synthetic plan: 2024=actual x U(0.92,1.12); 2025=2024 actual x (1+10-18% stretch)"
2025-10,Northeast,Confectionery,356964,"synthetic plan: 2024=actual x U(0.92,1.12); 2025=2024 actual x (1+10-18% stretch)"
2025-10,Northeast,Dairy,203751,"synthetic plan: 2024=actual x U(0.92,1.12); 2025=2024 actual x (1+10-18% stretch)"
2025-10,Northeast,MouthFreshener,270751,"synthetic plan: 2024=actual x U(0.92,1.12); 2025=2024 actual x (1+10-18% stretch)"
2025-10,Northeast,Snacks,116215,"synthetic plan: 2024=actual x U(0.92,1.12); 2025=2024 actual x (1+10-18% stretch)"
2025-10,Northeast,Spices,200200,"synthetic plan: 2024=actual x U(0.92,1.12); 2025=2024 actual x (1+10-18% stretch)"
2025-10,South,Beverages,63513,"synthetic plan: 2024=actual x U(0.92,1.12); 2025=2024 actual x (1+10-18% stretch)"
2025-10,South,Confectionery,151177,"synthetic plan: 2024=actual x U(0.92,1.12); 2025=2024 actual x (1+10-18% stretch)"
2025-10,South,Dairy,118266,"synthetic plan: 2024=actual x U(0.92,1.12); 2025=2024 actual x (1+10-18% stretch)"
2025-10,South,MouthFreshener,119690,"synthetic plan: 2024=actual x U(0.92,1.12); 2025=2024 actual x (1+10-18% stretch)"
2025-10,South,Snacks,59736,"synthetic plan: 2024=actual x U(0.92,1.12); 2025=2024 actual x (1+10-18% stretch)"
2025-10,South,Spices,89007,"synthetic plan: 2024=actual x U(0.92,1.12); 2025=2024 actual x (1+10-18% stretch)"
2025-10,West,Beverages,101938,"synthetic plan: 2024=actual x U(0.92,1.12); 2025=2024 actual x (1+10-18% stretch)"
2025-10,West,Confectionery,215380,"synthetic plan: 2024=actual x U(0.92,1.12); 2025=2024 actual x (1+10-18% stretch)"
2025-10,West,Dairy,178219,"synthetic plan: 2024=actual x U(0.92,1.12); 2025=2024 actual x (1+10-18% stretch)"
2025-10,West,MouthFreshener,189650,"synthetic plan: 2024=actual x U(0.92,1.12); 2025=2024 actual x (1+10-18% stretch)"
2025-10,West,Snacks,114967,"synthetic plan: 2024=actual x U(0.92,1.12); 2025=2024 actual x (1+10-18% stretch)"
2025-10,West,Spices,122392,"synthetic plan: 2024=actual x U(0.92,1.12); 2025=2024 actual x (1+10-18% stretch)"
2025-11,Central,Beverages,54318,"synthetic plan: 2024=actual x U(0.92,1.12); 2025=2024 actual x (1+10-18% stretch)"
2025-11,Central,Confectionery,201589,"synthetic plan: 2024=actual x U(0.92,1.12); 2025=2024 actual x (1+10-18% stretch)"
2025-11,Central,Dairy,101275,"synthetic plan: 2024=actual x U(0.92,1.12); 2025=2024 actual x (1+10-18% stretch)"
2025-11,Central,MouthFreshener,135064,"synthetic plan: 2024=actual x U(0.92,1.12); 2025=2024 actual x (1+10-18% stretch)"
2025-11,Central,Snacks,58320,"synthetic plan: 2024=actual x U(0.92,1.12); 2025=2024 actual x (1+10-18% stretch)"
2025-11,Central,Spices,85658,"synthetic plan: 2024=actual x U(0.92,1.12); 2025=2024 actual x (1+10-18% stretch)"
2025-11,East,Beverages,81377,"synthetic plan: 2024=actual x U(0.92,1.12); 2025=2024 actual x (1+10-18% stretch)"
2025-11,East,Confectionery,219680,"synthetic plan: 2024=actual x U(0.92,1.12); 2025=2024 actual x (1+10-18% stretch)"
2025-11,East,Dairy,165826,"synthetic plan: 2024=actual x U(0.92,1.12); 2025=2024 actual x (1+10-18% stretch)"
2025-11,East,MouthFreshener,191844,"synthetic plan: 2024=actual x U(0.92,1.12); 2025=2024 actual x (1+10-18% stretch)"
2025-11,East,Snacks,92542,"synthetic plan: 2024=actual x U(0.92,1.12); 2025=2024 actual x (1+10-18% stretch)"
2025-11,East,Spices,114633,"synthetic plan: 2024=actual x U(0.92,1.12); 2025=2024 actual x (1+10-18% stretch)"
2025-11,North,Beverages,160583,"synthetic plan: 2024=actual x U(0.92,1.12); 2025=2024 actual x (1+10-18% stretch)"
2025-11,North,Confectionery,381481,"synthetic plan: 2024=actual x U(0.92,1.12); 2025=2024 actual x (1+10-18% stretch)"
2025-11,North,Dairy,267092,"synthetic plan: 2024=actual x U(0.92,1.12); 2025=2024 actual x (1+10-18% stretch)"
2025-11,North,MouthFreshener,268743,"synthetic plan: 2024=actual x U(0.92,1.12); 2025=2024 actual x (1+10-18% stretch)"
2025-11,North,Snacks,162657,"synthetic plan: 2024=actual x U(0.92,1.12); 2025=2024 actual x (1+10-18% stretch)"
2025-11,North,Spices,217429,"synthetic plan: 2024=actual x U(0.92,1.12); 2025=2024 actual x (1+10-18% stretch)"
2025-11,Northeast,Beverages,154947,"synthetic plan: 2024=actual x U(0.92,1.12); 2025=2024 actual x (1+10-18% stretch)"
2025-11,Northeast,Confectionery,379757,"synthetic plan: 2024=actual x U(0.92,1.12); 2025=2024 actual x (1+10-18% stretch)"
2025-11,Northeast,Dairy,198773,"synthetic plan: 2024=actual x U(0.92,1.12); 2025=2024 actual x (1+10-18% stretch)"
2025-11,Northeast,MouthFreshener,284606,"synthetic plan: 2024=actual x U(0.92,1.12); 2025=2024 actual x (1+10-18% stretch)"
2025-11,Northeast,Snacks,118322,"synthetic plan: 2024=actual x U(0.92,1.12); 2025=2024 actual x (1+10-18% stretch)"
2025-11,Northeast,Spices,195518,"synthetic plan: 2024=actual x U(0.92,1.12); 2025=2024 actual x (1+10-18% stretch)"
2025-11,South,Beverages,53626,"synthetic plan: 2024=actual x U(0.92,1.12); 2025=2024 actual x (1+10-18% stretch)"
2025-11,South,Confectionery,152135,"synthetic plan: 2024=actual x U(0.92,1.12); 2025=2024 actual x (1+10-18% stretch)"
2025-11,South,Dairy,113333,"synthetic plan: 2024=actual x U(0.92,1.12); 2025=2024 actual x (1+10-18% stretch)"
2025-11,South,MouthFreshener,129047,"synthetic plan: 2024=actual x U(0.92,1.12); 2025=2024 actual x (1+10-18% stretch)"
2025-11,South,Snacks,59120,"synthetic plan: 2024=actual x U(0.92,1.12); 2025=2024 actual x (1+10-18% stretch)"
2025-11,South,Spices,85545,"synthetic plan: 2024=actual x U(0.92,1.12); 2025=2024 actual x (1+10-18% stretch)"
2025-11,West,Beverages,79044,"synthetic plan: 2024=actual x U(0.92,1.12); 2025=2024 actual x (1+10-18% stretch)"
2025-11,West,Confectionery,234257,"synthetic plan: 2024=actual x U(0.92,1.12); 2025=2024 actual x (1+10-18% stretch)"
2025-11,West,Dairy,188002,"synthetic plan: 2024=actual x U(0.92,1.12); 2025=2024 actual x (1+10-18% stretch)"
2025-11,West,MouthFreshener,198257,"synthetic plan: 2024=actual x U(0.92,1.12); 2025=2024 actual x (1+10-18% stretch)"
2025-11,West,Snacks,107856,"synthetic plan: 2024=actual x U(0.92,1.12); 2025=2024 actual x (1+10-18% stretch)"
2025-11,West,Spices,109887,"synthetic plan: 2024=actual x U(0.92,1.12); 2025=2024 actual x (1+10-18% stretch)"
2025-12,Central,Beverages,75992,"synthetic plan: 2024=actual x U(0.92,1.12); 2025=2024 actual x (1+10-18% stretch)"
2025-12,Central,Confectionery,203508,"synthetic plan: 2024=actual x U(0.92,1.12); 2025=2024 actual x (1+10-18% stretch)"
2025-12,Central,Dairy,124495,"synthetic plan: 2024=actual x U(0.92,1.12); 2025=2024 actual x (1+10-18% stretch)"
2025-12,Central,MouthFreshener,172439,"synthetic plan: 2024=actual x U(0.92,1.12); 2025=2024 actual x (1+10-18% stretch)"
2025-12,Central,Snacks,68526,"synthetic plan: 2024=actual x U(0.92,1.12); 2025=2024 actual x (1+10-18% stretch)"
2025-12,Central,Spices,91484,"synthetic plan: 2024=actual x U(0.92,1.12); 2025=2024 actual x (1+10-18% stretch)"
2025-12,East,Beverages,105258,"synthetic plan: 2024=actual x U(0.92,1.12); 2025=2024 actual x (1+10-18% stretch)"
2025-12,East,Confectionery,217368,"synthetic plan: 2024=actual x U(0.92,1.12); 2025=2024 actual x (1+10-18% stretch)"
2025-12,East,Dairy,204413,"synthetic plan: 2024=actual x U(0.92,1.12); 2025=2024 actual x (1+10-18% stretch)"
2025-12,East,MouthFreshener,257365,"synthetic plan: 2024=actual x U(0.92,1.12); 2025=2024 actual x (1+10-18% stretch)"
2025-12,East,Snacks,100172,"synthetic plan: 2024=actual x U(0.92,1.12); 2025=2024 actual x (1+10-18% stretch)"
2025-12,East,Spices,133373,"synthetic plan: 2024=actual x U(0.92,1.12); 2025=2024 actual x (1+10-18% stretch)"
2025-12,North,Beverages,220890,"synthetic plan: 2024=actual x U(0.92,1.12); 2025=2024 actual x (1+10-18% stretch)"
2025-12,North,Confectionery,370642,"synthetic plan: 2024=actual x U(0.92,1.12); 2025=2024 actual x (1+10-18% stretch)"
2025-12,North,Dairy,311567,"synthetic plan: 2024=actual x U(0.92,1.12); 2025=2024 actual x (1+10-18% stretch)"
2025-12,North,MouthFreshener,330023,"synthetic plan: 2024=actual x U(0.92,1.12); 2025=2024 actual x (1+10-18% stretch)"
2025-12,North,Snacks,187785,"synthetic plan: 2024=actual x U(0.92,1.12); 2025=2024 actual x (1+10-18% stretch)"
2025-12,North,Spices,259829,"synthetic plan: 2024=actual x U(0.92,1.12); 2025=2024 actual x (1+10-18% stretch)"
2025-12,Northeast,Beverages,197838,"synthetic plan: 2024=actual x U(0.92,1.12); 2025=2024 actual x (1+10-18% stretch)"
2025-12,Northeast,Confectionery,351607,"synthetic plan: 2024=actual x U(0.92,1.12); 2025=2024 actual x (1+10-18% stretch)"
2025-12,Northeast,Dairy,228605,"synthetic plan: 2024=actual x U(0.92,1.12); 2025=2024 actual x (1+10-18% stretch)"
2025-12,Northeast,MouthFreshener,365138,"synthetic plan: 2024=actual x U(0.92,1.12); 2025=2024 actual x (1+10-18% stretch)"
2025-12,Northeast,Snacks,128199,"synthetic plan: 2024=actual x U(0.92,1.12); 2025=2024 actual x (1+10-18% stretch)"
2025-12,Northeast,Spices,213248,"synthetic plan: 2024=actual x U(0.92,1.12); 2025=2024 actual x (1+10-18% stretch)"
2025-12,South,Beverages,71336,"synthetic plan: 2024=actual x U(0.92,1.12); 2025=2024 actual x (1+10-18% stretch)"
2025-12,South,Confectionery,150766,"synthetic plan: 2024=actual x U(0.92,1.12); 2025=2024 actual x (1+10-18% stretch)"
2025-12,South,Dairy,135653,"synthetic plan: 2024=actual x U(0.92,1.12); 2025=2024 actual x (1+10-18% stretch)"
2025-12,South,MouthFreshener,164419,"synthetic plan: 2024=actual x U(0.92,1.12); 2025=2024 actual x (1+10-18% stretch)"
2025-12,South,Snacks,71103,"synthetic plan: 2024=actual x U(0.92,1.12); 2025=2024 actual x (1+10-18% stretch)"
2025-12,South,Spices,95126,"synthetic plan: 2024=actual x U(0.92,1.12); 2025=2024 actual x (1+10-18% stretch)"
2025-12,West,Beverages,94527,"synthetic plan: 2024=actual x U(0.92,1.12); 2025=2024 actual x (1+10-18% stretch)"
2025-12,West,Confectionery,215130,"synthetic plan: 2024=actual x U(0.92,1.12); 2025=2024 actual x (1+10-18% stretch)"
2025-12,West,Dairy,207853,"synthetic plan: 2024=actual x U(0.92,1.12); 2025=2024 actual x (1+10-18% stretch)"
2025-12,West,MouthFreshener,249779,"synthetic plan: 2024=actual x U(0.92,1.12); 2025=2024 actual x (1+10-18% stretch)"
2025-12,West,Snacks,128168,"synthetic plan: 2024=actual x U(0.92,1.12); 2025=2024 actual x (1+10-18% stretch)"
2025-12,West,Spices,127199,"synthetic plan: 2024=actual x U(0.92,1.12); 2025=2024 actual x (1+10-18% stretch)"
